=~=~=~=~=~=~=~=~=~=~=~= PuTTY log 2023.07.31 11:28:36 =~=~=~=~=~=~=~=~=~=~=~=
24.277
82834
24.250
83870
24.324
84905
24.273
85941
24.368
86976
24.240
88012
24.253
89047
24.392
90083
24.329
91118
24.396
92153
24.133
93189
24.112
94224
24.090
95260
24.200
96295
24.321
97331
24.227
98366
24.269
99402
24.157
100437
24.256
101473
24.360
102508
24.368
103544
24.339
104579
24.467
105615
24.455
106650
24.382
107686
24.423
108721
24.334
109757
24.058
110820
24.151
111884
24.230
112948
24.314
114012
24.224
115076
24.234
116140
24.239
117204
24.330
118267
24.309
119331
24.375
120395
24.332
121459
24.310
122523
24.398
123587
24.398
124651
24.376
125714
24.310
126778
24.200
127842
24.354
128906
24.387
129970
24.370
131034
24.285
132098
24.309
133161
24.364
134225
24.447
135289
24.445
136353
24.410
137417
24.415
138481
24.418
139545
24.408
140608
24.326
141672
2=~=~=~=~=~=~=~=~=~=~=~= PuTTY log 2023.07.31 11:31:41 =~=~=~=~=~=~=~=~=~=~=~=
24.353
144864
24.321
145928
24.282
146992
24.450
148055
24.446
149119
24.290
150183
24.256
151247
24.272
152311
24.313
153375
24.389
154438
12.067
1035
18.288
2070
21.354
3105
22.799
4141
23.499
5176
23.630
6211
24.113
7247
24.134
8282
24.112
9317
24.277
10353
24.360
11388
24.335
12424
24.212
13459
24.195
14495
24.308
15530
24.408
16566
24.282
17601
24.109
18636
24.165
19672
24.359
20707
24.213
21743
24.240
22778
24.264
23814
24.364
24849
24.436
25885
24.296
26920
24.270
27955
24.488
28991
24.509
30026
24.299
31062
24.151
32097
24.252
33133
24.424
34168
24.422
35204
24.289
36239
24.256
37275
24.371
38310
24.406
39345
24.347
40381
24.373
41416
24.385
42452
24.414
43487
24.395
44523
24.286
45558
24.210
46594
24.293
47629
24.357
48665
24.333
49700
24.201
50735
24.101
51784
24.162
52848
24.324
53912
24.427
54976
24.313
56039
24.202
57103
24.201
58167
24.354
59231
24.255
60295
24.305
61358
24.307
62422
24.441
63486
24.507
64550
24.409
65613
24.238
66677
24.351
67741
24.463
68805
24.463
69868
24.343
70932
24.238
71996
24.340
73060
24.457
74124
24.395
75187
24.253
76251
24.183
77315
24.411
78379
24.438
79442
24.286
80506
24.221
81570
24.375
82634
24.442
83697
24.464
84761
24.321
85825
24.227
86889
24.038
87952
24.229
89016
24.467
90080
24.466
91144
24.311
92208
24.277
93271
24.437
94335
24.373
95399
24.232
96463
24.271
97526
24.466
98590
24.476
99654
24.107
100718
24.132
101782
24.166
102845
24.183
103909
24.345
104973
24.416
106037
24.275
107101
24.226
108165
24.268
109229
24.388
110292
24.525
111356
24.264
112420
24.243
113484
24.408
114548
24.447
115612
24.368
116676
24.306
117739
24.187
118803
24.314
119867
24.455
120931
24.460
121995
24.275
123059
24.248
124122
24.422
125186
24.487
126250
24.432
127314
24.415
128378
24.406
129442
24.600
130506
24.598
131569
24.322
132633
24.228
133697
24.390
134761
24.493
135825
24.534
136889
24.400
137953
24.311
139016
24.266
140080
24.442
141144
24.497
142208
24.393
143272
24.274
144336
24.226
145400
24.246
146463
24.388
147527
24.481
148591
24.396
149655
24.320
150719
24.293
151783
24.433
152847
24.493
153910
24.456
154974
24.350
156038
24.374
157102
24.540
158166
24.568
159230
24.582
160294
24.435
161357
24.450
162421
24.545
163485
24.570
164549
24.440
165613
24.386
166677
24.414
167741
24.549
168804
24.463
169868
24.386
170932
24.271
171996
24.368
173060
24.537
174124
24.731
175188
24.433
176251
24.404
177315
24.566
178379
24.592
179443
24.935
180507
24.546
181571
24.428
182634
24.512
183698
24.554
184762
24.432
185826
24.404
186890
24.247
187954
24.432
189018
24.613
190081
24.528
191145
24.364
192209
24.381
193273
24.587
194337
24.449
195401
24.423
196465
24.455
197528
24.536
198592
24.643
199656
24.642
200720
24.707
201784
24.585
202848
24.525
203912
24.681
204975
24.683
206039
24.694
207103
24.546
208167
24.637
209231
24.738
210295
24.700
211359
24.516
212422
24.589
213486
24.603
214550
24.787
215614
24.658
216678
24.495
217742
24.711
218806
24.807
219869
24.856
220933
24.825
221997
24.688
223061
24.873
224125
24.878
225189
24.913
226253
24.677
227316
24.582
228380
24.666
229444
24.796
230508
24.927
231572
24.805
232636
24.712
233700
24.775
234763
24.883
235827
24.949
236891
24.783
237955
24.690
239019
24.731
240083
24.861
241146
24.861
242210
24.750
243274
24.728
244338
24.860
245402
24.937
246466
25.130
247530
24.852
248593
24.779
249657
24.841
250721
24.961
251785
24.976
252849
24.874
253913
24.823
254977
24.798
256040
24.928
257104
24.949
258168
24.849
259232
24.800
260296
24.852
261360
24.691
262424
24.962
263487
25.032
264551
24.946
265615
24.881
266679
24.893
267743
24.997
268807
25.105
269871
25.136
270934
24.899
271998
24.847
273062
24.974
274126
25.082
275190
25.169
276254
25.235
277318
25.080
278381
24.959
279445
25.075
280509
25.165
281573
25.332
282637
25.305
283701
25.082
284765
25.246
285828
25.262
286892
25.292
287956
25.219
289020
25.062
290084
25.192
291148
25.290
292212
25.361
293275
25.374
294339
25.172
295403
25.126
296467
25.147
297531
25.290
298595
25.526
299658
25.358
300722
25.241
301786
25.380
302850
25.461
303914
25.337
304978
25.274
306042
25.078
307105
25.266
308169
25.459
309233
25.402
310297
25.263
311361
25.215
312425
25.368
313489
25.521
314552
25.476
315616
25.377
316680
25.262
317744
25.424
318808
25.494
319872
25.430
320936
25.365
321999
25.299
323063
25.366
324127
25.476
325191
25.608
326255
25.564
327319
25.476
328383
25.762
329446
25.707
330510
25.723
331574
25.578
332638
25.505
333702
25.743
334766
25.753
335830
26.120
336893
25.787
337957
25.500
339021
25.642
340085
25.812
341149
25.974
342213
25.736
343277
25.716
344340
25.794
345404
25.866
346468
25.715
347532
25.628
348596
25.695
349660
25.839
350723
25.778
351787
25.671
352851
25.640
353915
25.811
354979
25.896
356043
25.653
357107
25.620
358170
25.790
359234
25.974
360298
25.637
361362
25.666
362426
25.879
363490
26.019
364554
26.088
365617
25.980
366681
25.904
367745
26.031
368809
26.095
369873
26.082
370937
26.032
372001
26.227
373064
26.281
374128
26.164
375192
25.996
376256
26.088
377320
26.233
378384
26.273
379448
26.028
380511
25.994
381575
26.098
382639
26.227
383703
26.215
384767
26.153
385831
26.156
386895
26.256
387958
26.284
389022
26.188
390086
26.107
391150
26.154
392214
26.343
393278
26.306
394342
26.111
395405
26.112
396469
26.388
397533
26.471
398597
26.491
399661
26.335
400725
26.335
401789
26.422
402852
26.510
403916
26.323
404980
26.252
406044
26.392
407108
26.594
408172
26.585
409235
26.371
410299
26.353
411363
26.530
412427
26.641
413491
26.653
414555
26.515
415619
26.458
416682
26.671
417746
26.711
418810
26.490
419874
26.368
420938
26.483
422002
26.727
423066
26.399
424129
26.399
425193
26.356
426257
26.620
427321
26.807
428385
26.240
429449
26.309
430513
26.487
431576
26.707
432640
26.851
433704
27.065
434768
26.744
435832
26.715
436896
26.920
437960
27.023
439023
26.855
440087
26.759
441151
26.844
442215
27.007
443279
26.945
444343
26.794
445407
26.916
446470
26.966
447534
27.057
448598
26.992
449662
26.839
450726
27.005
451790
27.153
452854
27.151
453917
27.028
454981
27.033
456045
27.135
457109
27.394
458173
27.161
459237
27.045
460301
27.294
461364
27.342
462428
27.157
463492
27.054
464556
27.167
465620
27.278
466684
27.235
467747
27.170
468811
27.368
469875
27.456
470939
27.588
472003
27.335
473067
27.153
474131
27.261
475194
27.501
476258
27.545
477322
27.445
478386
27.418
479450
27.646
480514
27.529
481578
27.404
482641
27.474
483705
27.619
484769
27.692
485833
27.464
486897
27.427
487961
27.573
489025
27.625
490088
27.562
491152
27.542
492216
27.642
493280
27.758
494344
27.860
495408
27.669
496472
27.574
497535
27.812
498599
27.876
499663
27.864
500727
27.682
501791
27.657
502855
27.875
503919
28.007
504982
27.885
506046
27.770
507110
27.954
508174
28.057
509238
28.031
510302
27.854
511366
27.798
512429
28.023
513493
28.201
514557
28.137
515621
27.928
516685
27.978
517749
28.190
518812
28.318
519876
28.107
520940
27.980
522004
28.180
523068
28.379
524132
28.247
525196
28.171
526259
28.308
527323
28.421
528387
28.467
529451
28.258
530515
28.143
531579
28.416
532643
28.497
533706
28.317
534770
28.239
535834
28.441
536898
28.587
537962
28.692
539026
28.503
540090
28.387
541153
28.515
542217
28.602
543281
28.513
544345
28.358
545409
28.534
546473
28.743
547537
28.738
548600
28.592
549664
28.464
550728
28.697
551792
28.791
552856
28.663
553920
28.598
554984
28.830
556047
28.924
557111
28.806
558175
28.692
559239
28.712
560303
28.876
561367
28.881
562431
28.730
563494
28.621
564558
28.907
565622
28.996
566686
28.787
567750
28.803
568814
28.933
569878
29.052
570941
29.112
572005
29.054
573069
28.937
574133
28.978
575197
29.196
576261
29.239
577324
29.040
578388
28.985
579452
29.200
580516
29.296
581580
29.212
582644
29.137
583708
29.099
584771
29.345
585835
29.478
586899
29.149
587963
29.139
589027
29.199
590091
29.373
591155
29.481
592218
29.448
593282
29.310
594346
29.406
595410
29.564
596474
29.599
597538
29.770
598602
29.526
599665
29.338
600729
29.552
601793
29.670
602857
29.564
603921
29.434
604985
29.479
606049
29.689
607112
29.771
608176
29.351
609240
29.426
610304
29.508
611368
29.769
612432
29.889
613496
29.827
614559
29.687
615623
29.715
616687
29.774
617751
29.968
618815
29.988
619879
29.833
620943
29.832
622006
29.997
623070
30.036
624134
29.538
625198
29.652
626262
29.753
627326
29.935
628390
30.148
629453
30.111
630517
29.960
631581
30.028
632645
30.249
633709
30.272
634773
30.382
635836
30.470
636900
30.173
637964
30.310
639028
30.401
640092
30.447
641156
30.337
642220
30.195
643283
30.112
644347
30.357
645411
30.458
646475
30.409
647539
30.351
648603
30.235
649667
30.451
650730
30.615
651794
30.619
652858
30.424
653922
30.414
654986
30.596
656050
30.720
657114
30.353
658177
30.323
659241
30.353
660305
30.686
661369
30.787
662433
30.662
663497
30.654
664561
30.716
665624
30.879
666688
31.081
667752
30.864
668816
30.678
669880
30.860
670944
31.061
672008
30.996
673071
30.821
674135
30.833
675199
31.069
676263
31.089
677327
30.944
678391
30.784
679455
31.023
680518
31.231
681582
31.268
682646
31.100
683710
30.983
684774
31.255
685838
31.346
686901
31.260
687965
31.151
689029
31.130
690093
31.273
691157
31.388
692221
31.226
693285
31.123
694348
31.127
695412
31.403
696476
31.531
697540
31.396
698604
31.351
699668
31.571
700732
31.713
701795
31.697
702859
31.534
703923
31.376
704987
31.594
706051
31.703
707115
31.626
708178
31.477
709242
31.633
710306
31.789
711370
31.877
712434
31.702
713497
31.603
714561
31.443
715625
31.683
716688
31.846
717752
31.917
718815
31.810
719879
31.800
720943
31.982
722006
32.150
723070
31.651
724133
31.764
725197
31.733
726260
31.916
727323
32.128
728387
31.915
729450
31.907
730514
31.849
731577
32.061
732640
32.245
733704
32.347
734767
32.146
735830
32.100
736894
32.121
737957
32.307
739020
32.434
740083
32.321
741146
32.198
742209
32.104
743272
32.200
744336
32.424
745399
32.624
746462
32.581
747525
32.384
748588
32.351
749651
32.444
750714
32.656
751777
32.718
752840
32.793
753903
32.556
754967
32.481
756030
32.597
757093
32.755
758156
32.833
759219
32.752
760282
32.590
761345
32.729
762408
32.930
763471
33.009
764534
32.653
765597
32.650
766661
32.649
767724
32.704
768787
32.918
769850
33.047
770913
33.155
771976
32.979
773039
32.824
774102
32.934
775165
33.209
776228
33.336
777291
33.256
778355
33.216
779418
32.976
780481
32.999
781544
33.307
782607
33.374
783670
33.418
784733
33.253
785796
33.214
786859
33.261
787922
33.351
788985
33.417
790049
33.341
791112
33.225
792175
33.311
793238
33.562
794301
33.688
795364
33.718
796427
33.469
797490
33.356
798553
33.420
799616
33.628
800679
33.820
801743
33.531
802806
33.496
803869
33.413
804932
33.702
805995
33.978
807058
34.028
808121
33.899
809184
33.834
810247
33.901
811310
34.056
812373
34.111
813437
34.050
814500
33.855
815563
33.901
816626
34.110
817689
34.303
818752
34.378
819815
34.129
820878
34.026
821941
34.272
823004
34.428
824067
34.484
825131
34.237
826194
34.158
827257
34.162
828320
34.318
829383
34.473
830446
34.550
831509
34.347
832572
34.257
833635
34.244
834698
34.425
835762
34.648
836825
34.649
837888
34.539
838951
34.496
840014
34.562
841077
34.617
842140
34.831
843203
34.884
844266
34.448
845329
34.417
846392
34.467
847456
34.702
848519
34.962
849582
35.037
850645
35.030
851708
34.807
852771
34.707
853834
34.799
854897
34.978
855960
35.089
857023
35.122
858086
34.985
859150
34.873
860213
35.036
861276
35.195
862339
35.297
863402
35.336
864465
35.191
865528
35.075
866591
35.038
867654
35.086
868717
35.341
869780
35.425
870844
35.433
871907
35.295
872970
35.280
874033
35.174
875096
35.319
876159
35.502
877222
35.637
878285
35.737
879348
35.733
880411
35.576
881474
35.443
882538
35.399
883601
35.585
884664
35.756
885727
35.841
886790
35.740
887853
35.734
888916
35.599
889979
35.686
891042
35.927
892105
36.091
893168
36.108
894232
36.127
895295
35.861
896358
35.839
897421
35.948
898484
36.025
899547
36.075
900610
36.121
901673
36.090
902736
35.876
903799
35.945
904862
36.133
905926
36.360
906989
36.363
908052
35.968
909115
35.925
910178
35.948
911241
35.970
912304
36.179
913367
36.448
914430
36.539
915493
36.761
916556
36.453
917620
36.267
918683
36.459
919746
36.534
920809
36.670
921872
36.716
922935
36.849
923998
36.662
925061
36.547
926124
36.611
927187
36.664
928250
36.856
929314
36.886
930377
36.780
931440
36.683
932503
36.701
933566
36.819
934629
37.011
935692
36.941
936755
36.962
937818
36.752
938881
36.724
939944
36.941
941008
37.104
942071
37.175
943134
37.123
944197
37.041
945260
36.946
946323
37.008
947386
37.336
948449
37.368
949512
37.483
950575
37.485
951638
37.520
952702
37.207
953765
37.171
954828
37.154
955891
37.266
956954
37.476
958017
37.625
959080
37.710
960143
37.676
961206
37.571
962269
37.409
963332
37.371
964396
37.683
965459
37.805
966522
37.922
967585
37.925
968648
38.278
969711
37.949
970774
37.653
971837
37.581
972901
37.634
973964
37.880
975027
37.926
976090
37.960
977153
37.757
978217
37.710
979280
37.775
980343
37.863
981406
38.049
982470
38.121
983533
38.189
984596
38.114
985660
37.911
986723
37.996
987786
38.072
988850
38.231
989913
38.300
990977
38.290
992040
38.043
993104
38.051
994167
38.089
995231
38.327
996295
38.381
997358
38.825
998422
38.520
999486
38.312
1000550
38.406
1001614
38.585
1002679
38.839
1003743
38.549
1004808
38.557
1005873
38.771
1006939
38.657
1008006
38.832
1009075
38.622
1010146
38.704
1011223
38.844
1012303
38.661
1013389
38.811
1014478
38.722
1015569
38.765
1016665
38.885
1017764
38.814
1018865
38.723
1019970
38.908
1021077
38.616
1022186
38.899
1023297
38.788
1024410
38.952
1025526
39.089
1026644
39.135
1027764
39.016
1028889
39.165
1030017
38.953
1031149
39.046
1032286
38.993
1033427
39.043
1034573
39.212
1035725
39.384
1036879
39.415
1038035
39.408
1039192
39.339
1040351
39.250
1041511
39.414
1042671
39.452
1043832
39.317
1044992
39.425
1046153
39.601
1047314
39.743
1048474
39.815
1049635
39.905
1050796
39.984
1051957
39.924
1053118
39.960
1054279
39.879
1055440
39.937
1056601
39.791
1057762
39.706
1058922
39.708
1060082
39.797
1061240
39.908
1062399
40.051
1063554
40.122
1064711
40.169
1065866
40.028
1067017
40.166
1068169
40.191
1069313
40.170
1070454
40.083
1071595
40.205
1072728
40.045
1073856
40.230
1074982
40.278
1076108
40.390
1077228
40.457
1078344
40.534
1079462
40.408
1080580
40.290
1081695
40.286
1082810
40.559
1083926
40.619
1085041
40.450
1086156
40.278
1087271
40.522
1088385
40.743
1089499
40.623
1090611
40.760
1091722
40.686
1092830
40.660
1093935
40.559
1095036
40.564
1096131
40.863
1097223
40.704
1098311
40.900
1099396
40.932
1100478
41.069
1101558
40.907
1102636
40.847
1103712
41.170
1104786
41.331
1105858
41.257
1106928
40.957
1107993
41.169
1109057
41.309
1110118
41.411
1111178
41.397
1112235
41.191
1113289
41.320
1114340
41.142
1115386
41.152
1116430
41.201
1117472
41.236
1118512
41.111
1119550
41.027
1120588
41.270
1121624
41.304
1122661
41.530
1123697
41.566
1124733
41.474
1125769
41.461
1126805
41.708
1127841
41.754
1128876
41.799
1129912
41.590
1130947
41.838
1131983
41.918
1133018
41.738
1134054
41.626
1135089
41.548
1136124
41.707
1137159
41.787
1138195
41.650
1139230
41.703
1140265
41.884
1141300
42.106
1142335
41.931
1143370
41.898
1144405
41.926
1145440
42.116
1146475
41.881
1147510
41.852
1148545
41.881
1149580
42.181
1150615
42.013
1151650
41.928
1152685
42.095
1153720
42.300
1154755
42.226
1155790
42.167
1156825
42.313
1157860
42.332
1158895
42.209
1159930
42.400
1160965
42.584
1161999
42.643
1163034
42.431
1164069
42.610
1165104
42.656
1166139
42.426
1167174
42.377
1168209
42.595
1169244
42.659
1170278
42.472
1171313
42.543
1172348
42.677
1173383
42.734
1174418
42.597
1175453
42.561
1176488
42.676
1177523
42.744
1178557
42.701
1179592
42.734
1180627
42.861
1181662
43.101
1182697
42.901
1183732
42.857
1184767
42.999
1185802
42.851
1186836
42.732
1187871
42.816
1188906
43.012
1189941
43.044
1190976
42.917
1192011
43.096
1193046
43.251
1194080
43.064
1195115
42.949
1196150
43.079
1197185
43.187
1198220
43.110
1199255
42.994
1200290
43.200
1201325
43.303
1202359
43.123
1203394
42.759
1204429
43.203
1205464
43.228
1206499
43.218
1207534
43.598
1208569
43.623
1209603
43.360
1210638
43.284
1211673
43.444
1212708
43.612
1213743
43.509
1214778
43.502
1215813
43.586
1216848
43.617
1217882
43.489
1218917
43.514
1219952
43.691
1220987
43.669
1222022
43.560
1223057
43.351
1224092
43.642
1225126
43.645
1226161
43.570
1227196
43.785
1228231
43.892
1229266
43.858
1230301
43.742
1231336
43.860
1232371
43.985
1233405
43.971
1234440
43.820
1235475
44.185
1236510
44.236
1237545
44.074
1238580
43.894
1239615
43.771
1240649
44.039
1241684
44.020
1242719
43.966
1243754
44.038
1244789
44.261
1245824
44.207
1246859
44.071
1247893
44.706
1248928
44.540
1249963
44.424
1250998
44.190
1252033
43.754
1253068
44.174
1254103
44.241
1255137
44.176
1256172
44.319
1257207
44.478
1258242
44.470
1259277
44.301
1260312
44.305
1261347
44.515
1262381
44.489
1263416
44.442
1264451
44.353
1265486
44.573
1266521
44.649
1267555
44.567
1268590
44.382
1269625
44.565
1270659
44.723
1271693
44.559
1272727
44.588
1273761
44.800
1274795
44.653
1275828
44.513
1276862
44.807
1277896
44.623
1278930
44.587
1279964
44.843
1280999
45.038
1282033
44.827
1283067
44.820
1284102
45.070
1285137
45.129
1286171
44.884
1287206
44.783
1288240
45.062
1289275
45.070
1290310
44.986
1291344
44.834
1292379
45.176
1293414
45.083
1294448
44.982
1295482
44.887
1296517
45.147
1297551
45.146
1298585
45.145
1299619
45.342
1300654
45.441
1301688
45.293
1302722
45.592
1303757
45.544
1304791
45.322
1305826
45.222
1306861
45.304
1307896
45.422
1308931
45.360
1309967
45.285
1311002
45.501
1312037
45.608
1313073
45.618
1314108
45.469
1315144
45.846
1316179
45.836
1317215
45.765
1318250
45.608
1319286
45.519
1320321
45.673
1321357
45.804
1322393
45.584
1323428
45.529
1324464
45.469
1325499
45.691
1326535
45.803
1327571
45.836
1328606
45.688
1329642
45.834
1330677
45.929
1331713
45.922
1332749
45.720
1333784
45.718
1334820
45.926
1335855
45.964
1336891
45.763
1337927
45.706
1338962
45.920
1339998
46.126
1341033
45.987
1342069
45.830
1343105
46.510
1344140
46.432
1345176
46.382
1346212
46.170
1347247
45.954
1348283
46.209
1349318
46.248
1350354
46.114
1351390
46.069
1352425
46.146
1353461
46.338
1354497
46.423
1355532
46.135
1356568
45.959
1357603
46.211
1358639
46.437
1359675
46.296
1360710
46.127
1361746
46.153
1362782
46.363
1363817
46.491
1364853
46.499
1365888
46.306
1366924
46.308
1367960
46.496
1368995
46.590
1370031
46.428
1371067
46.347
1372102
46.251
1373138
46.512
1374173
46.708
1375209
46.476
1376245
46.426
1377280
46.500
1378316
46.636
1379352
46.572
1380387
46.496
1381423
46.502
1382458
46.681
1383494
46.869
1384530
46.876
1385565
46.626
1386601
46.732
1387637
46.862
1388672
46.960
1389708
46.745
1390743
46.571
1391779
46.639
1392815
46.793
1393850
46.937
1394886
46.843
1395922
46.698
1396957
46.922
1397993
47.056
1399028
46.903
1400064
46.815
1401100
46.761
1402135
47.030
1403171
47.132
1404207
47.095
1405242
46.934
1406278
46.677
1407313
46.955
1408349
47.051
1409385
46.746
1410420
46.792
1411456
46.969
1412492
47.146
1413527
47.157
1414563
47.107
1415598
47.006
1416634
47.208
1417670
47.342
1418705
47.079
1419741
46.980
1420777
46.953
1421812
47.215
1422848
47.356
1423883
47.251
1424919
47.111
1425955
47.194
1426990
47.401
1428026
47.538
1429062
47.408
1430097
47.134
1431133
47.195
1432168
47.445
1433204
47.428
1434240
47.177
1435275
47.205
1436311
47.330
1437347
47.480
1438382
47.434
1439418
47.246
1440453
47.251
1441489
47.495
1442525
47.618
1443560
47.448
1444596
47.341
1445632
47.694
1446667
47.739
1447703
47.806
1448738
47.542
1449774
47.443
1450810
47.723
1451845
47.787
1452881
47.642
1453917
47.449
1454952
47.595
1455988
47.810
1457023
47.786
1458059
47.554
1459095
47.570
1460130
47.776
1461166
47.901
1462202
47.777
1463237
47.626
1464273
47.650
1465308
47.849
1466344
47.894
1467380
47.652
1468415
47.652
1469451
47.894
1470487
47.938
1471522
47.828
1472558
47.718
1473593
47.916
1474629
48.136
1475665
48.059
1476700
47.932
1477736
48.056
1478772
48.206
1479807
48.270
1480843
48.005
1481878
47.906
1482914
48.098
1483950
48.260
1484985
48.066
1486021
47.947
1487057
48.019
1488092
48.232
1489128
48.140
1490163
47.907
1491199
47.768
1492235
48.128
1493270
48.286
1494306
48.112
1495342
48.047
1496377
47.993
1497413
48.306
1498448
48.276
1499484
48.107
1500520
48.166
1501555
48.327
1502591
48.363
1503627
48.206
1504662
48.160
1505698
48.313
1506733
48.444
1507769
48.411
1508805
48.230
1509840
48.172
1510876
48.385
1511912
48.546
1512947
48.528
1513983
48.321
1515018
48.427
1516054
48.545
1517090
48.572
1518125
48.453
1519161
48.393
1520197
48.540
1521232
48.635
1522268
48.770
1523303
48.464
1524339
48.630
1525375
48.724
1526410
48.705
1527446
48.619
1528482
48.542
1529517
48.713
1530553
48.656
1531588
48.407
1532624
48.414
1533660
48.638
1534695
48.761
1535731
48.647
1536767
48.446
1537802
48.214
1538838
48.571
1539873
48.838
1540909
48.850
1541945
48.658
1542980
48.683
1544016
48.871
1545052
48.955
1546087
48.666
1547123
48.610
1548158
48.670
1549194
48.832
1550230
48.935
1551265
48.822
1552301
48.633
1553337
48.670
1554372
48.909
1555408
49.018
1556443
48.786
1557479
48.681
1558515
48.881
1559550
49.059
1560586
49.037
1561622
48.829
1562657
48.790
1563693
48.991
1564728
49.125
1565764
48.982
1566800
48.768
1567835
48.738
1568871
49.009
1569907
49.002
1570942
48.932
1571978
48.820
1573013
49.226
1574049
49.308
1575085
49.217
1576120
49.006
1577156
48.989
1578192
49.179
1579227
49.273
1580263
49.057
1581298
48.926
1582334
49.389
1583370
49.467
1584405
49.417
1585441
49.195
1586477
49.072
1587512
49.220
1588548
49.360
1589583
49.100
1590619
48.992
1591655
48.542
1592690
49.065
1593726
49.184
1594762
49.023
1595797
49.052
1596833
49.254
1597868
49.410
1598904
49.268
1599940
49.076
1600975
49.123
1602011
49.345
1603047
49.422
1604082
49.230
1605118
49.332
1606153
49.471
1607189
49.420
1608225
49.262
1609260
49.139
1610296
49.396
1611332
49.503
1612367
49.370
1613403
49.347
1614438
49.478
1615474
49.544
1616510
49.423
1617545
49.308
1618581
49.437
1619617
49.633
1620652
49.578
1621688
49.418
1622723
49.481
1623759
49.677
1624795
49.611
1625830
49.346
1626866
49.401
1627902
49.605
1628937
49.662
1629973
49.515
1631008
49.552
1632044
49.724
1633080
49.821
1634115
49.649
1635151
49.597
1636187
49.691
1637222
49.783
1638258
49.641
1639293
49.516
1640329
49.607
1641365
49.707
1642400
49.703
1643436
49.634
1644472
49.600
1645507
49.792
1646543
49.789
1647578
49.590
1648614
49.556
1649650
49.627
1650685
49.860
1651721
49.999
1652757
49.761
1653792
49.762
1654828
49.873
1655863
50.028
1656899
49.885
1657935
49.758
1658970
49.728
1660006
49.944
1661042
49.931
1662077
49.749
1663113
49.679
1664148
49.931
1665184
50.056
1666220
50.119
1667255
49.920
1668291
49.556
1669327
49.902
1670362
50.053
1671398
49.919
1672433
49.908
1673469
50.067
1674505
50.124
1675540
49.911
1676576
49.992
1677612
50.131
1678647
50.112
1679683
49.960
1680718
49.785
1681754
49.984
1682790
50.127
1683825
50.099
1684861
49.965
1685897
50.073
1686932
50.238
1687968
50.309
1689003
50.113
1690039
49.928
1691075
49.989
1692110
50.206
1693146
50.282
1694182
50.045
1695217
50.070
1696253
50.071
1697288
50.324
1698324
50.286
1699360
50.102
1700395
50.010
1701431
50.206
1702467
50.315
1703502
50.161
1704538
50.061
1705573
50.177
1706609
50.377
1707645
50.357
1708680
50.137
1709716
50.094
1710752
50.303
1711787
50.462
1712823
50.487
1713858
50.291
1714894
50.313
1715930
50.490
1716965
50.699
1718001
50.572
1719037
50.366
1720072
50.505
1721108
50.553
1722143
50.609
1723179
50.594
1724215
50.311
1725250
50.345
1726286
50.550
1727322
50.597
1728357
50.444
1729393
50.280
1730428
50.330
1731464
50.597
1732500
50.720
1733535
50.561
1734571
50.492
1735607
50.425
1736642
50.623
1737678
50.732
1738713
50.765
1739749
50.551
1740785
50.388
1741820
50.450
1742856
50.690
1743892
50.700
1744927
50.540
1745963
50.361
1746998
50.448
1748034
50.667
1749070
50.798
1750105
50.567
1751141
50.485
1752177
50.619
1753212
50.786
1754248
50.770
1755283
50.564
1756319
50.472
1757355
50.481
1758390
50.782
1759426
50.845
1760462
50.514
1761497
50.469
1762533
49.962
1763568
50.545
1764604
50.694
1765640
50.658
1766675
50.574
1767711
51.038
1768747
51.039
1769782
51.039
1770818
50.930
1771853
50.677
1772889
50.583
1773925
50.834
1774960
50.959
1775996
50.922
1777032
50.684
1778067
50.763
1779103
50.880
1780138
51.070
1781174
50.780
1782210
50.657
1783245
50.551
1784281
50.818
1785317
50.863
1786352
50.753
1787388
50.699
1788423
50.814
1789459
50.993
1790495
51.072
1791530
50.902
1792566
50.861
1793602
50.994
1794637
51.116
1795673
51.034
1796708
50.850
1797744
50.868
1798780
51.064
1799815
51.118
1800851
51.123
1801887
50.883
1802922
50.852
1803958
51.023
1804993
51.218
1806029
51.151
1807065
50.843
1808100
50.963
1809136
51.200
1810172
51.175
1811207
51.063
1812243
51.030
1813278
50.925
1814314
51.191
1815350
51.336
1816385
51.067
1817421
51.020
1818457
51.107
1819492
51.272
1820528
51.332
1821563
51.164
1822599
51.124
1823635
51.247
1824670
51.363
1825706
51.158
1826741
50.989
1827777
51.091
1828813
51.253
1829848
51.388
1830884
51.445
1831920
51.188
1832955
50.993
1833991
51.214
1835026
51.325
1836062
51.161
1837098
51.111
1838133
50.845
1839169
51.173
1840205
51.371
1841240
51.326
1842276
51.128
1843311
51.139
1844347
51.398
1845383
51.494
1846418
51.322
1847454
51.192
1848490
51.479
1849525
51.512
1850561
51.584
1851596
51.345
1852632
51.226
1853668
51.265
1854703
51.449
1855739
51.487
1856775
51.208
1857810
51.135
1858846
51.220
1859882
51.460
1860917
51.448
1861953
51.277
1862988
51.059
1864024
51.237
1865060
51.402
1866095
51.419
1867131
51.252
1868167
51.564
1869202
51.632
1870238
51.600
1871273
51.430
1872309
51.323
1873345
51.456
1874380
51.567
1875416
51.689
1876452
51.386
1877487
51.400
1878523
51.495
1879558
51.631
1880594
51.533
1881630
51.375
1882665
51.647
1883701
51.718
1884737
51.610
1885772
51.446
1886808
51.298
1887843
51.422
1888879
51.616
1889915
51.570
1890950
51.404
1891986
51.453
1893022
51.576
1894057
51.693
1895093
51.565
1896128
51.390
1897164
51.534
1898200
51.661
1899235
51.615
1900271
51.459
1901307
51.536
1902342
51.684
1903378
51.758
1904413
51.575
1905449
51.483
1906485
51.746
1907520
51.811
1908556
51.722
1909592
51.502
1910627
51.689
1911663
51.882
1912698
51.912
1913734
51.663
1914770
51.538
1915805
51.828
1916841
51.940
1917877
51.787
1918912
51.645
1919948
51.738
1920983
51.840
1922019
51.957
1923055
51.785
1924090
51.555
1925126
51.375
1926162
51.702
1927197
51.855
1928233
51.690
1929268
51.530
1930304
51.736
1931340
51.916
1932375
51.841
1933411
51.627
1934447
51.543
1935482
51.830
1936518
51.930
1937553
51.749
1938589
51.670
1939625
51.696
1940660
51.951
1941696
51.847
1942732
51.664
1943767
51.924
1944803
52.054
1945838
52.064
1946874
51.838
1947910
51.659
1948945
51.965
1949981
52.042
1951017
51.992
1952052
51.879
1953088
52.009
1954123
52.185
1955159
52.184
1956195
51.931
1957230
51.761
1958266
51.400
1959302
51.781
1960337
52.049
1961373
51.775
1962408
51.771
1963444
51.812
1964480
52.042
1965515
52.080
1966551
51.857
1967587
51.746
1968622
51.888
1969658
52.069
1970693
52.071
1971729
51.787
1972765
51.732
1973800
51.738
1974836
52.016
1975872
52.144
1976907
51.977
1977943
51.938
1978978
52.127
1980014
52.221
1981050
52.049
1982085
51.896
1983121
51.897
1984157
52.140
1985192
52.129
1986228
51.958
1987263
52.005
1988299
52.183
1989335
52.117
1990370
51.975
1991406
51.991
1992442
52.176
1993477
52.279
1994513
52.022
1995548
51.905
1996584
52.100
1997620
52.263
1998655
52.157
1999691
52.028
2000727
51.864
2001762
52.112
2002798
52.192
2003833
52.012
2004869
51.999
2005905
52.168
2006940
52.264
2007976
52.147
2009012
52.012
2010047
52.230
2011083
52.284
2012118
52.036
2013154
52.044
2014190
52.235
2015225
52.330
2016261
52.103
2017297
52.023
2018332
52.114
2019368
52.281
2020403
52.134
2021439
52.104
2022475
52.529
2023510
52.499
2024546
52.243
2025582
52.213
2026617
52.364
2027653
52.461
2028688
52.366
2029724
52.198
2030760
52.290
2031795
52.446
2032831
52.315
2033867
52.140
2034902
52.151
2035938
52.387
2036973
52.517
2038009
52.295
2039045
52.152
2040080
52.476
2041116
52.550
2042152
52.367
2043187
52.308
2044223
52.257
2045258
52.375
2046294
52.521
2047330
52.375
2048365
52.290
2049401
52.303
2050437
52.541
2051472
52.417
2052508
52.191
2053543
52.253
2054579
52.351
2055615
52.377
2056650
52.270
2057686
52.535
2058722
52.656
2059757
52.618
2060793
52.390
2061828
52.298
2062864
52.483
2063900
52.554
2064935
52.457
2065971
52.364
2067007
52.406
2068042
52.570
2069078
52.509
2070113
52.325
2071149
52.331
2072185
52.522
2073220
52.353
2074256
52.290
2075292
52.402
2076327
52.601
2077363
52.525
2078398
52.376
2079434
52.346
2080470
52.595
2081505
52.665
2082541
52.413
2083577
52.288
2084612
52.533
2085648
52.512
2086683
52.458
2087719
52.398
2088755
52.566
2089790
52.617
2090826
52.489
2091862
52.314
2092897
52.590
2093933
52.717
2094968
52.539
2096004
52.438
2097040
52.762
2098075
52.825
2099111
52.637
2100147
52.509
2101182
52.666
2102218
52.744
2103253
52.761
2104289
52.549
2105325
52.411
2106360
52.572
2107396
52.675
2108432
52.496
2109467
52.406
2110503
52.647
2111538
52.811
2112574
52.773
2113610
52.555
2114645
52.953
2115681
52.931
2116717
52.811
2117752
52.673
2118788
52.715
2119823
52.713
2120859
52.878
2121895
52.597
2122930
52.533
2123966
52.700
2125002
52.838
2126037
52.797
2127073
52.578
2128108
52.689
2129144
52.888
2130180
52.910
2131215
52.657
2132251
52.585
2133287
52.913
2134322
52.933
2135358
52.790
2136393
52.586
2137429
52.880
2138465
53.027
2139500
52.979
2140536
52.736
2141572
52.625
2142607
52.855
2143643
52.916
2144678
52.759
2145714
52.636
2146750
52.674
2147785
52.891
2148821
52.813
2149857
52.707
2150892
52.721
2151928
52.914
2152963
52.901
2153999
52.664
2155035
52.754
2156070
52.667
2157106
52.865
2158142
52.690
2159177
52.580
2160213
52.734
2161248
52.954
2162284
53.042
2163320
52.745
2164355
52.729
2165391
52.863
2166427
53.019
2167462
52.854
2168498
52.750
2169533
52.885
2170569
53.008
2171605
52.860
2172640
52.753
2173676
52.677
2174712
52.926
2175747
53.006
2176783
52.804
2177818
52.824
2178854
52.977
2179890
53.075
2180925
52.883
2181961
52.720
2182997
52.859
2184032
52.995
2185068
53.084
2186103
52.832
2187139
52.860
2188175
53.017
2189210
52.997
2190246
52.766
2191282
52.739
2192317
52.935
2193353
53.054
2194388
52.938
2195424
52.781
2196460
52.769
2197495
52.960
2198531
53.045
2199567
52.945
2200602
52.883
2201638
53.062
2202673
53.052
2203709
52.937
2204745
52.857
2205780
53.060
2206816
53.183
2207852
53.101
2208887
52.951
2209923
52.908
2210958
53.063
2211994
52.910
2213030
52.899
2214065
53.080
2215101
53.204
2216137
53.178
2217172
52.956
2218208
52.757
2219243
53.021
2220279
53.229
2221315
53.059
2222350
52.918
2223386
53.079
2224422
53.226
2225457
53.244
2226493
53.011
2227528
52.806
2228564
52.990
2229600
53.148
2230635
53.018
2231671
52.854
2232707
53.047
2233742
53.265
2234778
53.109
2235813
52.977
2236849
52.943
2237885
53.191
2238920
53.380
2239956
53.145
2240992
52.951
2242027
52.952
2243063
53.206
2244098
53.223
2245134
53.100
2246170
52.972
2247205
53.150
2248241
53.338
2249277
53.245
2250312
53.077
2251348
53.115
2252383
53.320
2253419
53.313
2254455
53.090
2255490
53.022
2256526
53.098
2257562
53.345
2258597
53.292
2259633
53.112
2260668
53.055
2261704
53.236
2262740
53.359
2263775
53.266
2264811
53.165
2265847
53.214
2266882
53.392
2267918
53.327
2268953
53.052
2269989
53.113
2271025
53.375
2272060
53.417
2273096
53.241
2274132
53.163
2275167
53.257
2276203
53.468
2277238
53.607
2278274
53.281
2279310
53.128
2280345
53.360
2281381
53.465
2282417
53.144
2283452
53.082
2284488
53.216
2285523
53.426
2286559
53.289
2287595
53.077
2288630
53.126
2289666
53.348
2290702
53.327
2291737
53.195
2292773
53.119
2293808
53.388
2294844
53.479
2295880
53.569
2296915
53.272
2297951
53.047
2298987
53.331
2300022
53.329
2301058
53.120
2302093
52.641
2303129
53.204
2304165
53.233
2305200
53.171
2306236
53.216
2307272
53.459
2308307
53.482
2309343
53.317
2310378
53.223
2311414
53.441
2312450
53.549
2313485
53.263
2314521
53.152
2315557
53.416
2316592
53.493
2317628
53.367
2318663
53.226
2319699
53.288
2320735
53.517
2321770
53.423
2322806
53.265
2323842
52.846
2324877
53.274
2325913
53.444
2326948
53.254
2327984
53.214
2329020
53.326
2330055
53.481
2331091
53.327
2332127
53.262
2333162
53.515
2334198
53.575
2335233
53.551
2336269
53.318
2337305
53.257
2338340
53.546
2339376
53.679
2340412
53.690
2341447
53.388
2342483
53.149
2343518
53.459
2344554
53.547
2345590
53.350
2346625
53.284
2347661
53.482
2348697
53.592
2349732
53.493
2350768
53.355
2351803
53.518
2352839
53.665
2353875
53.650
2354910
53.390
2355946
53.403
2356982
53.685
2358017
53.759
2359053
53.346
2360088
53.293
2361124
53.101
2362160
53.523
2363195
53.458
2364231
53.349
2365267
53.680
2366302
53.812
2367338
53.680
2368373
53.383
2369409
53.322
2370445
53.600
2371480
53.684
2372516
53.462
2373552
53.406
2374587
53.620
2375623
53.694
2376658
53.577
2377694
53.376
2378730
53.396
2379765
53.692
2380801
53.708
2381837
53.496
2382872
53.478
2383908
53.689
2384943
53.794
2385979
53.583
2387015
53.302
2388050
53.667
2389086
53.805
2390122
53.633
2391157
53.513
2392193
53.443
2393228
53.726
2394264
53.813
2395300
53.637
2396335
53.493
2397371
53.367
2398407
53.644
2399442
53.717
2400478
53.534
2401514
53.464
2402549
53.660
2403585
53.890
2404620
53.741
2405656
53.556
2406692
53.134
2407727
53.561
2408763
53.808
2409799
53.645
2410834
53.574
2411870
53.539
2412905
53.742
2413941
53.744
2414977
53.558
2416012
53.542
2417048
53.732
2418084
53.794
2419119
53.682
2420155
53.472
2421190
54.148
2422226
54.046
2423262
53.885
2424297
53.749
2425333
53.638
2426369
53.802
2427404
53.884
2428440
53.716
2429475
53.588
2430511
53.447
2431547
53.717
2432582
53.842
2433618
53.695
2434654
53.555
2435689
53.673
2436725
53.841
2437760
53.915
2438796
53.742
2439832
53.634
2440867
53.921
2441903
53.988
2442939
53.911
2443974
53.740
2445010
53.523
2446045
53.855
2447081
53.954
2448117
53.971
2449152
53.771
2450188
53.560
2451224
53.763
2452259
53.920
2453295
53.822
2454330
53.729
2455366
53.671
2456402
53.896
2457437
54.019
2458473
53.838
2459509
53.836
2460544
53.813
2461580
53.945
2462615
54.054
2463651
53.856
2464687
53.757
2465722
53.840
2466758
53.991
2467794
53.923
2468829
53.736
2469865
53.796
2470900
53.969
2471936
54.022
2472972
53.862
2474007
53.716
2475043
53.412
2476079
53.821
2477114
53.883
2478150
53.649
2479185
53.621
2480221
53.650
2481257
53.885
2482292
53.904
2483328
53.737
2484364
53.664
2485399
53.881
2486435
54.034
2487470
53.890
2488506
53.785
2489542
53.842
2490577
54.058
2491613
54.133
2492649
53.885
2493684
53.749
2494720
53.770
2495755
53.978
2496791
54.005
2497827
53.864
2498862
53.717
2499898
53.897
2500934
53.986
2501969
53.899
2503005
53.779
2504040
53.707
2505076
53.903
2506112
54.000
2507147
53.851
2508183
53.733
2509219
53.717
2510254
53.930
2511290
53.805
2512325
53.687
2513361
53.750
2514397
53.924
2515432
54.055
2516468
53.933
2517504
53.818
2518539
53.881
2519575
54.055
2520610
54.165
2521646
53.922
2522682
53.757
2523717
54.159
2524753
54.216
2525789
54.190
2526824
54.056
2527860
53.934
2528895
54.082
2529931
54.156
2530967
54.017
2532002
53.870
2533038
54.160
2534074
54.206
2535109
54.064
2536145
53.905
2537180
53.771
2538216
53.824
2539252
54.060
2540287
54.090
2541323
53.808
2542359
53.843
2543394
54.004
2544430
54.128
2545465
54.069
2546501
53.863
2547537
53.662
2548572
53.935
2549608
54.093
2550644
54.063
2551679
53.893
2552715
53.677
2553750
53.997
2554786
54.037
2555822
53.979
2556857
54.006
2557893
54.162
2558929
54.207
2559964
53.976
2561000
54.026
2562035
54.150
2563071
54.267
2564107
54.139
2565142
53.942
2566178
54.020
2567214
54.213
2568249
54.211
2569285
53.978
2570320
53.873
2571356
53.964
2572392
54.108
2573427
54.257
2574463
54.045
2575499
53.973
2576534
53.958
2577570
54.138
2578605
54.217
2579641
54.268
2580677
53.985
2581712
54.085
2582748
53.938
2583784
54.183
2584819
54.250
2585855
54.042
2586890
53.949
2587926
54.079
2588962
54.209
2589997
54.187
2591033
54.010
2592069
53.966
2593104
54.296
2594140
54.351
2595175
54.247
2596211
54.106
2597247
53.915
2598282
53.941
2599318
54.162
2600354
54.196
2601389
53.982
2602425
53.853
2603460
53.987
2604496
54.262
2605532
54.169
2606567
54.013
2607603
53.934
2608639
54.159
2609674
54.272
2610710
54.251
2611745
54.064
2612781
54.125
2613817
54.222
2614852
54.281
2615888
54.112
2616924
53.995
2617959
54.047
2618995
54.171
2620030
54.289
2621066
54.314
2622102
54.140
2623137
54.141
2624173
54.318
2625209
54.340
2626244
54.076
2627280
53.988
2628315
54.186
2629351
54.318
2630387
54.340
2631422
54.098
2632458
54.054
2633494
54.032
2634529
54.296
2635565
54.362
2636600
54.186
2637636
54.109
2638672
54.291
2639707
54.392
2640743
54.278
2641779
54.122
2642814
54.077
2643850
54.231
2644885
54.351
2645921
54.082
2646957
54.013
2647992
54.297
2649028
54.462
2650064
54.390
2651099
54.156
2652135
54.138
2653170
54.305
2654206
54.355
2655242
54.216
2656277
54.146
2657313
54.265
2658349
54.357
2659384
54.316
2660420
54.108
2661455
54.158
2662491
54.370
2663527
54.421
2664562
54.127
2665598
54.146
2666634
54.298
2667669
54.341
2668705
54.230
2669740
54.076
2670776
54.197
2671812
54.401
2672847
54.293
2673883
54.152
2674919
54.334
2675954
54.447
2676990
54.536
2678025
54.328
2679061
54.169
2680097
54.310
2681132
54.446
2682168
54.415
2683204
54.212
2684239
54.078
2685275
54.253
2686310
54.385
2687346
54.373
2688382
54.181
2689417
54.117
2690453
54.328
2691489
54.411
2692524
54.287
2693560
54.138
2694595
54.470
2695631
54.526
2696667
54.411
2697702
54.177
2698738
54.149
2699774
54.409
2700809
54.507
2701845
54.192
2702880
54.090
2703916
54.248
2704952
54.305
2705987
54.400
2707023
54.260
2708059
54.135
2709094
54.424
2710130
54.470
2711165
54.372
2712201
54.224
2713237
54.326
2714272
54.520
2715308
54.507
2716344
54.358
2717379
54.228
2718415
54.229
2719450
54.383
2720486
54.483
2721522
54.213
2722557
54.145
2723593
54.198
2724629
54.456
2725664
54.530
2726700
54.204
2727735
54.261
2728771
54.422
2729807
54.568
2730842
54.333
2731878
54.160
2732914
54.679
2733949
54.686
2734985
54.458
2736020
54.300
2737056
54.298
2738092
54.418
2739127
54.478
2740163
54.332
2741199
54.237
2742234
54.354
2743270
54.600
2744305
54.459
2745341
54.202
2746377
54.304
2747412
54.366
2748448
54.353
2749484
54.302
2750519
54.211
2751555
54.419
2752590
54.588
2753626
54.387
2754662
54.188
2755697
54.341
2756733
54.494
2757769
54.494
2758804
54.329
2759840
54.181
2760875
54.381
2761911
54.570
2762947
54.620
2763982
54.370
2765018
54.531
2766054
54.633
2767089
54.520
2768125
54.375
2769160
54.412
2770196
54.519
2771232
54.661
2772267
54.522
2773303
54.365
2774339
54.034
2775374
54.429
2776410
54.417
2777445
54.291
2778481
54.293
2779517
54.559
2780552
54.625
2781588
54.527
2782624
54.301
2783659
54.112
2784695
54.435
2785730
54.420
2786766
54.413
2787802
54.322
2788837
54.441
2789873
54.588
2790909
54.574
2791944
54.369
2792980
54.377
2794015
54.512
2795051
54.646
2796087
54.724
2797122
54.345
2798158
54.321
2799194
54.473
2800229
54.682
2801265
54.709
2802300
54.458
2803336
54.377
2804372
54.403
2805407
54.580
2806443
54.614
2807479
54.521
2808514
54.354
2809550
54.633
2810585
54.728
2811621
54.754
2812657
54.459
2813692
54.334
2814728
54.546
2815764
54.608
2816799
54.452
2817835
54.275
2818870
54.439
2819906
54.643
2820942
54.601
2821977
54.438
2823013
54.290
2824049
54.436
2825084
54.597
2826120
54.501
2827155
54.322
2828191
54.408
2829227
54.649
2830262
54.637
2831298
54.412
2832334
54.321
2833369
54.506
2834405
54.676
2835440
54.673
2836476
54.441
2837512
54.280
2838547
54.519
2839583
54.705
2840619
54.731
2841654
54.580
2842690
54.449
2843725
54.361
2844761
54.615
2845797
54.521
2846832
54.453
2847868
54.330
2848904
54.478
2849939
54.640
2850975
54.765
2852010
54.641
2853046
54.391
2854082
54.465
2855117
54.765
2856153
54.806
2857189
54.672
2858224
54.495
2859260
54.439
2860295
54.731
2861331
54.689
2862367
54.548
2863402
54.323
2864438
54.452
2865474
54.660
2866509
54.786
2867545
54.728
2868580
54.545
2869616
54.465
2870652
54.424
2871687
54.635
2872723
54.686
2873759
54.678
2874794
54.388
2875830
54.034
2876865
54.451
2877901
54.692
2878937
54.659
2879972
54.522
2881008
54.431
2882044
54.198
2883079
54.577
2884115
54.657
2885150
54.509
2886186
54.414
2887222
54.586
2888257
54.793
2889293
54.819
2890329
54.668
2891364
54.493
2892400
54.526
2893435
54.664
2894471
54.689
2895507
54.570
2896542
54.455
2897578
54.595
2898614
54.710
2899649
54.657
2900685
54.641
2901720
54.480
2902756
54.542
2903792
54.650
2904827
54.781
2905863
54.461
2906899
54.467
2907934
54.480
2908970
54.685
2910005
54.810
2911041
54.740
2912077
54.507
2913112
54.467
2914148
54.635
2915184
54.817
2916219
54.766
2917255
54.740
2918290
54.584
2919326
54.473
2920362
54.615
2921397
54.819
2922433
54.810
2923469
54.718
2924504
54.485
2925540
54.490
2926575
54.657
2927611
54.762
2928647
54.595
2929682
54.468
2930718
54.415
2931754
54.718
2932789
54.815
2933825
54.787
2934860
54.640
2935896
54.468
2936932
54.481
2937967
54.763
2939003
54.727
2940039
54.578
2941074
54.448
2942110
54.438
2943145
54.741
2944181
54.782
2945217
54.638
2946252
54.412
2947288
54.497
2948324
54.738
2949359
54.770
2950395
54.709
2951430
54.601
2952466
54.548
2953502
54.763
2954537
54.815
2955573
54.721
2956609
54.519
2957644
54.518
2958680
54.792
2959715
54.841
2960751
54.689
2961787
54.526
2962822
54.642
2963858
54.832
2964894
54.905
2965929
54.798
2966965
54.635
2968000
54.554
2969036
54.799
2970072
54.877
2971107
54.752
2972143
54.645
2973179
54.503
2974214
54.653
2975250
54.881
2976285
55.007
2977321
54.794
2978357
54.633
2979392
54.795
2980428
54.886
2981464
54.976
2982499
54.988
2983535
54.686
2984570
54.590
2985606
54.201
2986642
54.601
2987677
54.734
2988713
54.581
2989749
54.516
2990784
54.560
2991820
54.780
2992855
54.901
2993891
54.818
2994927
54.612
2995962
54.685
2996998
54.876
2998034
54.982
2999069
54.782
3000105
54.550
3001140
54.665
3002176
54.898
3003212
55.070
3004247
55.013
3005283
54.765
3006319
54.651
3007354
54.474
3008390
54.726
3009425
54.918
3010461
54.772
3011497
54.622
3012532
54.558
3013568
54.801
3014604
54.955
3015639
55.099
3016675
54.829
3017710
54.651
3018746
54.913
3019782
55.067
3020817
55.044
3021853
54.780
3022889
54.582
3023924
54.626
3024960
54.868
3025995
55.011
3027031
54.907
3028067
54.601
3029102
54.482
3030138
54.807
3031174
54.980
3032209
54.869
3033245
54.682
3034280
54.599
3035316
54.744
3036352
54.850
3037387
54.958
3038423
54.957
3039459
54.759
3040494
54.692
3041530
55.022
3042565
55.088
3043601
55.077
3044637
55.006
3045672
54.750
3046708
54.655
3047744
54.838
3048779
54.963
3049815
55.004
3050850
54.837
3051886
54.577
3052922
54.668
3053957
54.933
3054993
55.109
3056029
54.934
3057064
54.758
3058100
54.615
3059135
54.741
3060171
54.992
3061207
54.985
3062242
54.882
3063278
54.677
3064314
54.586
3065349
54.925
3066385
55.072
3067420
54.893
3068456
54.727
3069492
54.599
3070527
54.987
3071563
55.059
3072599
55.019
3073634
54.778
3074670
54.768
3075705
55.005
3076741
55.069
3077777
54.979
3078812
54.825
3079848
54.736
3080884
54.835
3081919
55.006
3082955
54.882
3083990
54.798
3085026
54.745
3086062
55.224
3087097
55.244
3088133
55.056
3089169
54.797
3090204
54.800
3091240
54.944
3092275
55.071
3093311
54.958
3094347
54.792
3095382
54.709
3096418
55.207
3097454
55.169
3098489
55.063
3099525
54.756
3100560
54.702
3101596
54.719
3102632
55.036
3103667
55.106
3104703
54.899
3105739
54.685
3106774
54.942
3107810
55.070
3108845
55.189
3109881
55.127
3110917
54.800
3111952
54.746
3112988
54.972
3114024
55.085
3115059
54.932
3116095
54.867
3117130
54.637
3118166
54.752
3119202
54.975
3120237
55.142
3121273
54.862
3122309
54.733
3123344
54.899
3124380
55.027
3125415
55.013
3126451
54.897
3127487
54.772
3128522
54.875
3129558
55.103
3130594
55.117
3131629
54.872
3132665
54.694
3133700
54.726
3134736
54.951
3135772
55.074
3136807
55.070
3137843
54.826
3138879
54.792
3139914
54.962
3140950
55.102
3141985
55.150
3143021
54.998
3144057
54.834
3145092
54.851
3146128
55.024
3147164
55.111
3148199
55.067
3149235
54.912
3150270
54.791
3151306
54.962
3152342
55.091
3153377
55.144
3154413
55.105
3155449
54.888
3156484
54.801
3157520
54.537
3158555
54.879
3159591
54.994
3160627
54.920
3161662
54.773
3162698
54.975
3163734
55.075
3164769
55.137
3165805
55.156
3166840
54.979
3167876
54.913
3168912
54.879
3169947
55.006
3170983
55.113
3172019
55.067
3173054
54.902
3174090
54.830
3175125
55.146
3176161
55.216
3177197
55.361
3178232
55.092
3179268
54.991
3180304
54.655
3181339
54.926
3182375
55.073
3183410
55.004
3184446
54.837
3185482
55.127
3186517
55.174
3187553
55.208
3188589
54.983
3189624
54.826
3190660
54.990
3191695
55.149
3192731
55.174
3193767
54.955
3194802
54.878
3195838
54.928
3196874
55.151
3197909
55.175
3198945
54.944
3199980
54.862
3201016
54.942
3202052
55.092
3203087
55.211
3204123
54.919
3205159
54.827
3206194
55.035
3207230
55.116
3208265
55.146
3209301
54.952
3210337
54.877
3211372
54.884
3212408
55.162
3213444
55.125
3214479
54.985
3215515
54.828
3216551
55.046
3217586
55.199
3218622
55.242
3219657
55.033
3220693
54.995
3221729
55.063
3222764
55.285
3223800
55.208
3224836
55.016
3225871
54.865
3226907
54.592
3227942
54.873
3228978
55.123
3230014
55.051
3231049
54.904
3232085
54.820
3233120
54.877
3234156
55.115
3235192
55.233
3236227
54.985
3237263
54.904
3238299
54.985
3239334
55.158
3240370
55.266
3241406
55.232
3242441
54.896
3243477
54.981
3244512
55.100
3245548
55.193
3246584
55.163
3247619
55.037
3248655
55.030
3249690
55.125
3250726
55.238
3251762
55.339
3252797
55.027
3253833
54.903
3254869
55.051
3255904
55.179
3256940
55.167
3257976
55.138
3259011
54.838
3260047
54.897
3261082
55.136
3262118
55.222
3263154
55.155
3264189
54.978
3265225
54.890
3266261
55.033
3267296
55.171
3268332
55.195
3269367
55.153
3270403
54.867
3271439
54.890
3272474
55.055
3273510
55.214
3274546
55.129
3275581
54.977
3276617
54.856
3277652
55.038
3278688
55.305
3279724
55.340
3280759
55.137
3281795
55.046
3282831
55.012
3283866
55.127
3284902
55.273
3285937
55.147
3286973
54.997
3288009
54.932
3289044
54.405
3290080
54.890
3291116
55.121
3292151
55.247
3293187
55.047
3294222
55.023
3295258
54.979
3296294
55.198
3297329
55.253
3298365
55.160
3299401
54.970
3300436
55.018
3301472
55.229
3302507
55.191
3303543
55.041
3304579
54.877
3305614
55.027
3306650
55.200
3307686
55.309
3308721
55.034
3309757
54.885
3310792
54.810
3311828
55.048
3312864
55.222
3313899
55.012
3314935
55.017
3315971
54.393
3317006
54.883
3318042
55.074
3319077
54.883
3320113
54.919
3321149
54.993
3322184
55.117
3323220
55.323
3324256
55.095
3325291
54.927
3326327
54.996
3327362
55.207
3328398
55.280
3329434
55.019
3330469
54.954
3331505
55.087
3332541
55.242
3333576
55.308
3334612
55.055
3335647
54.972
3336683
55.052
3337719
55.213
3338754
55.195
3339790
54.976
3340826
54.812
3341861
55.126
3342897
55.283
3343932
55.219
3344968
55.076
3346004
55.093
3347039
55.399
3348075
55.386
3349111
55.226
3350146
55.036
3351182
54.776
3352217
55.119
3353253
55.203
3354289
55.189
3355324
55.062
3356360
55.020
3357396
55.230
3358431
55.291
3359467
55.244
3360502
55.034
3361538
54.962
3362574
55.212
3363609
55.348
3364645
55.174
3365681
55.065
3366716
55.066
3367752
55.286
3368787
55.429
3369823
55.291
3370859
55.102
3371894
55.194
3372930
55.306
3373966
55.406
3375001
55.313
3376037
55.112
3377072
55.023
3378108
55.056
3379144
55.237
3380179
55.404
3381215
55.235
3382251
55.118
3383286
55.136
3384322
55.299
3385357
55.314
3386393
55.124
3387429
55.018
3388464
54.679
3389500
55.071
3390536
55.332
3391571
55.133
3392607
54.990
3393642
55.160
3394678
55.377
3395714
55.342
3396749
55.072
3397785
55.036
3398821
55.304
3399856
55.416
3400892
55.362
3401927
55.148
3402963
55.063
3403999
55.021
3405034
55.252
3406070
55.324
3407106
55.206
3408141
55.103
3409177
55.129
3410212
55.218
3411248
55.318
3412284
55.434
3413319
55.184
3414355
55.015
3415391
55.261
3416426
55.339
3417462
55.445
3418497
55.310
3419533
55.078
3420569
55.039
3421604
54.767
3422640
55.125
3423676
55.250
3424711
55.169
3425747
54.985
3426782
55.004
3427818
55.068
3428854
55.298
3429889
55.369
3430925
55.272
3431961
55.059
3432996
55.019
3434032
55.185
3435067
55.357
3436103
55.365
3437139
55.293
3438174
55.113
3439210
55.178
3440246
55.155
3441281
55.352
3442317
55.352
3443352
55.264
3444388
55.110
3445424
55.077
3446459
55.292
3447495
55.399
3448531
55.232
3449566
55.017
3450602
55.053
3451637
55.114
3452673
55.343
3453709
55.348
3454744
55.152
3455780
55.054
3456816
55.104
3457851
55.283
3458887
55.372
3459922
55.307
3460958
55.110
3461994
55.066
3463029
55.352
3464065
55.440
3465101
55.352
3466136
55.165
3467172
54.917
3468207
55.047
3469243
55.232
3470279
55.237
3471314
55.031
3472350
55.004
3473386
55.112
3474421
55.298
3475457
55.424
3476492
55.311
3477528
55.156
3478564
54.990
3479599
55.259
3480635
55.327
3481671
55.285
3482706
55.153
3483742
55.055
3484777
55.313
3485813
55.476
3486849
55.370
3487884
55.141
3488920
55.026
3489956
55.475
3490991
55.425
3492027
55.443
3493062
55.442
3494098
55.188
3495134
55.204
3496169
55.498
3497205
55.524
3498241
55.515
3499276
55.268
3500312
55.145
3501347
55.161
3502383
55.355
3503419
55.365
3504454
55.193
3505490
55.075
3506526
55.180
3507561
55.354
3508597
55.419
3509632
55.397
3510668
55.198
3511704
55.088
3512739
55.044
3513775
55.308
3514811
55.374
3515846
55.165
3516882
55.171
3517917
55.228
3518953
55.367
3519989
55.481
3521024
55.438
3522060
55.252
3523096
55.170
3524131
55.261
3525167
55.461
3526202
55.516
3527238
55.434
3528274
55.195
3529309
55.098
3530345
55.357
3531381
55.453
3532416
55.425
3533452
55.201
3534487
55.101
3535523
55.600
3536559
55.597
3537594
55.640
3538630
55.496
3539666
55.215
3540701
55.173
3541737
55.252
3542772
55.379
3543808
55.255
3544844
55.062
3545879
55.746
3546915
55.692
3547951
55.709
3548986
55.365
3550022
55.238
3551057
55.328
3552093
55.417
3553129
55.329
3554164
55.220
3555200
55.220
3556236
55.462
3557271
55.506
3558307
55.374
3559342
55.198
3560378
55.187
3561414
55.401
3562449
55.278
3563485
55.271
3564521
55.267
3565556
55.475
3566592
55.578
3567627
55.421
3568663
55.211
3569699
55.259
3570734
55.427
3571770
55.422
3572806
55.255
3573841
55.205
3574877
55.355
3575912
55.442
3576948
55.320
3577984
55.105
3579019
55.261
3580055
55.582
3581091
55.566
3582126
55.316
3583162
55.444
3584197
55.497
3585233
55.556
3586269
55.278
3587304
55.161
3588340
55.169
3589376
55.370
3590411
55.504
3591447
55.373
3592482
55.198
3593518
55.341
3594554
55.500
3595589
55.481
3596625
55.186
3597661
55.170
3598696
55.305
3599732
55.460
3600767
55.571
3601803
55.286
3602839
55.264
3603874
55.462
3604910
55.605
3605946
55.346
3606981
55.173
3608017
55.351
3609052
55.527
3610088
55.462
3611124
55.264
3612159
55.374
3613195
55.418
3614231
55.594
3615266
55.418
3616302
55.231
3617337
54.994
3618373
55.316
3619409
55.334
3620444
55.222
3621480
55.265
3622516
55.397
3623551
55.506
3624587
55.242
3625622
55.198
3626658
55.451
3627694
55.556
3628729
55.410
3629765
55.271
3630801
55.190
3631836
55.414
3632872
55.449
3633907
55.291
3634943
55.288
3635979
55.441
3637014
55.540
3638050
55.556
3639086
55.311
3640121
55.298
3641157
55.512
3642192
55.586
3643228
55.447
3644264
55.345
3645299
55.381
3646335
55.543
3647371
55.634
3648406
55.394
3649442
55.230
3650477
55.269
3651513
55.465
3652549
55.441
3653584
55.353
3654620
55.209
3655656
55.380
3656691
55.531
3657727
55.375
3658762
55.210
3659798
55.083
3660834
55.382
3661869
55.521
3662905
55.536
3663941
55.367
3664976
55.249
3666012
55.554
3667047
55.552
3668083
55.474
3669119
55.303
3670154
55.305
3671190
55.461
3672226
55.626
3673261
55.412
3674297
55.151
3675332
55.384
3676368
55.522
3677404
55.525
3678439
55.306
3679475
55.296
3680511
55.456
3681546
55.536
3682582
55.268
3683617
55.244
3684653
55.287
3685689
55.485
3686724
55.572
3687760
55.539
3688796
55.259
3689831
55.184
3690867
55.411
3691902
55.602
3692938
55.356
3693974
55.222
3695009
55.210
3696045
55.490
3697081
55.575
3698116
55.485
3699152
55.276
3700187
55.193
3701223
55.349
3702259
55.538
3703294
55.302
3704330
55.228
3705366
55.147
3706401
55.326
3707437
55.515
3708472
55.434
3709508
55.261
3710544
55.295
3711579
55.423
3712615
55.563
3713651
55.502
3714686
55.262
3715722
55.175
3716757
55.406
3717793
55.533
3718829
55.421
3719864
55.265
3720900
55.199
3721936
55.495
3722971
55.600
3724007
55.663
3725042
55.386
3726078
54.907
3727114
55.240
3728149
55.472
3729185
55.335
3730221
55.178
3731256
55.562
3732292
55.688
3733327
55.619
3734363
55.365
3735399
55.336
3736434
55.476
3737470
55.623
3738506
55.444
3739541
55.266
3740577
55.375
3741612
55.572
3742648
55.561
3743684
55.446
3744719
55.421
3745755
55.661
3746791
55.705
3747826
55.506
3748862
55.286
3749897
55.297
3750933
55.468
3751969
55.366
3753004
55.238
3754040
55.317
3755076
55.477
3756111
55.580
3757147
55.422
3758182
55.277
3759218
55.325
3760254
55.548
3761289
55.461
3762325
55.362
3763361
55.313
3764396
55.212
3765432
55.513
3766467
55.509
3767503
55.321
3768539
55.248
3769574
55.531
3770610
55.585
3771646
55.743
3772681
55.471
3773717
55.246
3774752
55.464
3775788
55.650
3776824
55.479
3777859
55.251
3778895
55.510
3779931
55.651
3780966
55.678
3782002
55.471
3783037
55.367
3784073
55.547
3785109
55.625
3786144
55.610
3787180
55.404
3788216
55.554
3789251
55.673
3790287
55.611
3791322
55.394
3792358
55.373
3793394
55.571
3794429
55.660
3795465
55.473
3796501
55.302
3797536
55.547
3798572
55.615
3799607
55.670
3800643
55.456
3801679
55.833
3802714
55.824
3803750
55.665
3804786
55.398
3805821
55.331
3806857
55.562
3807892
55.589
3808928
55.525
3809964
55.318
3810999
55.522
3812035
55.591
3813071
55.339
3814106
55.269
3815142
55.475
3816177
55.623
3817213
55.652
3818249
55.480
3819284
55.317
3820320
55.555
3821356
55.585
3822391
55.469
3823427
55.344
3824462
55.491
3825498
55.587
3826534
55.623
3827569
55.400
3828605
55.409
3829641
55.578
3830676
55.564
3831712
55.381
3832747
55.334
3833783
55.376
3834819
55.617
3835854
55.572
3836890
55.418
3837926
55.418
3838961
55.528
3839997
55.627
3841032
55.622
3842068
55.399
3843104
55.364
3844139
55.534
3845175
55.674
3846211
55.568
3847246
55.361
3848282
55.401
3849317
55.574
3850353
55.738
3851389
55.501
3852424
55.328
3853460
55.351
3854496
55.571
3855531
55.671
3856567
55.775
3857602
55.564
3858638
55.238
3859674
55.504
3860709
55.637
3861745
55.802
3862781
55.533
3863816
55.542
3864852
55.656
3865887
55.636
3866923
55.439
3867959
55.373
3868994
55.022
3870030
55.462
3871066
55.484
3872101
55.451
3873137
55.269
3874173
55.586
3875208
55.777
3876244
55.685
3877279
55.420
3878315
55.309
3879351
55.396
3880386
55.550
3881422
55.660
3882458
55.374
3883493
55.440
3884529
55.385
3885564
55.578
3886600
55.564
3887636
55.447
3888671
55.223
3889707
55.453
3890743
55.589
3891778
55.526
3892814
55.373
3893849
55.945
3894885
55.902
3895921
55.671
3896956
55.478
3897992
55.371
3899028
55.516
3900063
55.643
3901099
55.530
3902134
55.331
3903170
55.584
3904206
55.644
3905241
55.652
3906277
55.436
3907313
55.449
3908348
55.059
3909384
55.459
3910419
55.581
3911455
55.401
3912491
55.365
3913526
55.513
3914562
55.619
3915598
55.618
3916633
55.540
3917669
55.391
3918704
55.492
3919740
55.598
3920776
55.662
3921811
55.540
3922847
55.435
3923883
55.328
3924918
55.560
3925954
55.621
3926989
55.508
3928025
55.342
3929061
55.237
3930096
55.515
3931132
55.609
3932168
55.723
3933203
55.504
3934239
55.857
3935274
57.167
3936310
57.656
3937346
57.373
3938381
57.001
3939417
56.946
3940453
56.842
3941488
57.043
3942524
57.100
3943559
56.875
3944595
56.806
3945631
56.563
3946666
56.970
3947702
57.008
3948738
56.829
3949773
56.849
3950809
56.981
3951844
57.178
3952880
57.068
3953916
56.914
3954951
56.793
3955987
56.513
3957023
56.845
3958058
57.034
3959094
56.842
3960129
56.669
3961165
56.857
3962201
57.018
3963236
57.043
3964272
56.945
3965308
56.831
3966343
56.795
3967379
57.053
3968414
57.071
3969450
56.960
3970486
56.750
3971521
56.755
3972557
56.988
3973593
57.072
3974628
56.982
3975664
56.860
3976699
56.843
3977735
56.824
3978771
57.023
3979806
56.858
3980842
56.754
3981878
56.768
3982913
56.940
3983949
57.081
3984984
56.921
3986020
56.818
3987056
56.701
3988091
56.962
3989127
57.037
3990163
56.876
3991198
56.708
3992234
56.800
3993269
57.033
3994305
57.117
3995341
57.015
3996376
56.899
3997412
56.796
3998448
56.888
3999483
57.011
4000519
57.073
4001554
56.927
4002590
56.932
4003626
56.956
4004661
57.243
4005697
57.298
4006733
57.139
4007768
57.060
4008804
56.987
4009839
57.071
4010875
57.345
4011911
57.349
4012946
57.231
4013982
57.050
4015018
57.576
4016053
57.553
4017089
57.443
4018124
57.277
4019160
57.173
4020196
57.109
4021231
57.320
4022267
57.392
4023303
57.307
4024338
57.176
4025374
57.056
4026409
57.227
4027445
57.357
4028481
57.333
4029516
57.223
4030552
57.013
4031588
57.096
4032623
57.236
4033659
57.295
4034694
57.357
4035730
57.125
4036766
56.953
4037801
57.275
4038837
57.391
4039873
57.296
4040908
57.149
4041944
57.075
4042979
57.127
4044015
57.339
4045051
57.413
4046086
57.273
4047122
57.072
4048158
57.136
4049193
57.234
4050229
57.294
4051264
57.159
4052300
56.948
4053336
57.041
4054371
57.176
4055407
57.287
4056443
57.331
4057478
57.079
4058514
56.952
4059549
57.571
4060585
57.507
4061621
57.540
4062656
57.381
4063692
57.225
4064728
57.168
4065763
57.316
4066799
57.401
4067834
57.488
4068870
57.223
4069906
57.090
4070941
57.255
4071977
57.305
4073013
57.263
4074048
57.243
4075084
56.946
4076119
57.084
4077155
57.230
4078191
57.259
4079226
57.175
4080262
56.912
4081298
56.979
4082333
57.178
4083369
56.551
4084404
56.072
4085440
55.767
4086476
55.505
4087511
55.604
4088547
55.841
4089583
55.817
4090618
55.738
4091654
55.501
4092689
55.658
4093725
55.780
4094761
55.764
4095796
55.624
4096832
55.422
4097868
55.706
4098903
55.892
4099939
55.853
4100974
55.646
4102010
55.466
4103046
55.552
4104081
55.749
4105117
55.716
4106153
55.424
4107188
55.531
4108224
55.606
4109259
55.820
4110295
55.806
4111331
55.557
4112366
55.345
4113402
55.601
4114438
55.719
4115473
55.590
4116509
55.526
4117544
55.406
4118580
55.687
4119616
55.795
4120651
55.584
4121687
55.501
4122723
55.460
4123758
55.659
4124794
55.802
4125829
55.852
4126865
55.811
4127901
56.077
4128936
56.374
4129972
56.424
4131008
56.251
4132043
56.143
4133079
56.187
4134114
56.364
4135150
56.441
4136186
56.281
4137221
55.861
4138257
55.749
4139293
55.848
4140328
55.853
4141364
55.580
4142399
55.521
4143435
55.767
4144471
55.746
4145506
55.571
4146542
55.418
4147578
55.616
4148613
55.781
4149649
55.698
4150684
55.580
4151720
55.741
4152756
55.833
4153791
55.944
4154827
55.703
4155863
55.627
4156898
55.819
4157934
55.861
4158969
55.694
4160005
55.567
4161041
55.603
4162076
55.873
4163112
55.910
4164148
55.730
4165183
55.673
4166219
55.908
4167254
56.059
4168290
55.838
4169326
55.694
4170361
55.721
4171397
55.899
4172433
56.000
4173468
55.841
4174504
55.596
4175539
55.507
4176575
55.716
4177611
55.809
4178646
55.778
4179682
55.532
4180718
55.607
4181753
55.865
4182789
55.817
4183824
55.651
4184860
55.490
4185896
55.542
4186931
55.788
4187967
55.757
4189003
55.698
4190038
55.536
4191074
55.587
4192109
55.733
4193145
55.796
4194181
55.420
4195216
55.364
4196252
55.567
4197288
55.745
4198323
55.835
4199359
55.626
4200394
55.500
4201430
55.349
4202466
55.648
4203501
55.731
4204537
55.508
4205573
55.353
4206608
55.551
4207644
55.704
4208679
55.814
4209715
55.594
4210751
55.440
4211786
55.649
4212822
55.820
4213858
55.652
4214893
55.535
4215929
55.509
4216964
55.618
4218000
55.815
4219036
55.627
4220071
55.391
4221107
55.349
4222143
55.725
4223178
55.813
4224214
55.759
4225249
55.654
4226285
55.613
4227321
55.802
4228356
55.874
4229392
55.756
4230428
55.543
4231463
55.392
4232499
55.548
4233534
55.747
4234570
55.737
4235606
55.489
4236641
55.454
4237677
55.645
4238713
55.795
4239748
55.618
4240784
55.518
4241819
55.512
4242855
55.652
4243891
55.821
4244926
55.630
4245962
55.513
4246998
55.367
4248033
55.601
4249069
55.686
4250104
55.640
4251140
55.606
4252176
55.402
4253211
55.421
4254247
55.661
4255283
55.848
4256318
55.721
4257354
55.393
4258389
55.384
4259425
55.621
4260461
55.695
4261496
55.546
4262532
55.460
4263568
55.494
4264603
55.599
4265639
55.761
4266674
55.634
4267710
55.449
4268746
55.411
4269781
55.415
4270817
55.570
4271853
55.582
4272888
55.566
4273924
55.448
4274959
55.488
4275995
55.728
4277031
55.826
4278066
55.842
4279102
55.641
4280138
55.474
4281173
55.644
4282209
55.817
4283245
55.827
4284280
55.677
4285316
55.537
4286351
55.466
4287387
55.673
4288423
55.744
4289458
55.900
4290494
55.956
4291530
55.599
4292565
55.629
4293601
55.689
4294636
55.839
4295672
55.871
4296708
55.633
4297743
55.526
4298779
55.186
4299815
55.555
4300850
55.651
4301886
55.557
4302921
55.399
4303957
55.310
4304993
55.639
4306028
55.693
4307064
55.765
4308100
55.580
4309135
55.466
4310171
55.552
4311206
55.749
4312242
55.760
4313278
55.644
4314313
55.410
4315349
55.381
4316385
55.520
4317420
55.711
4318456
55.675
4319491
55.513
4320527
55.345
4321563
55.370
4322598
55.603
4323634
55.720
4324670
55.734
4325705
55.521
4326741
55.458
4327776
55.570
4328812
55.703
4329848
55.616
4330883
55.561
4331919
55.434
4332955
55.646
4333990
55.708
4335026
55.739
4336061
55.535
4337097
55.388
4338133
55.535
4339168
55.873
4340204
55.843
4341240
55.576
4342275
55.464
4343311
55.595
4344346
55.627
4345382
55.798
4346418
55.619
4347453
55.452
4348489
55.446
4349525
55.619
4350560
55.750
4351596
55.705
4352631
55.506
4353667
55.484
4354703
55.660
4355738
55.627
4356774
55.523
4357810
55.404
4358845
55.169
4359881
55.503
4360916
55.636
4361952
55.461
4362988
55.341
4364023
55.555
4365059
55.784
4366095
55.777
4367130
55.564
4368166
55.458
4369201
55.416
4370237
55.648
4371273
55.698
4372308
55.591
4373344
55.439
4374380
55.538
4375415
55.687
4376451
55.762
4377486
55.623
4378522
55.432
4379558
55.447
4380593
55.686
4381629
55.761
4382665
55.622
4383700
55.509
4384736
55.277
4385771
55.567
4386807
55.823
4387843
55.675
4388878
55.569
4389914
55.460
4390950
55.461
4391985
55.682
4393021
55.671
4394056
55.577
4395092
55.355
4396128
55.397
4397163
55.672
4398199
55.754
4399235
55.630
4400270
55.513
4401306
55.487
4402341
55.662
4403377
55.738
4404413
55.798
4405448
55.619
4406484
55.452
4407520
55.732
4408555
55.839
4409591
55.761
4410626
55.556
4411662
55.421
4412698
55.585
4413733
55.710
4414769
55.564
4415805
55.392
4416840
55.438
4417876
55.637
4418911
55.770
4419947
55.616
4420983
55.495
4422018
55.379
4423054
55.597
4424090
55.617
4425125
55.496
4426161
55.391
4427196
55.514
4428232
55.598
4429268
55.827
4430303
55.645
4431339
55.476
4432375
55.117
4433410
55.455
4434446
55.656
4435481
55.647
4436517
55.632
4437553
55.602
4438588
55.752
4439624
55.838
4440660
55.694
4441695
55.479
4442731
55.404
4443766
55.719
4444802
55.811
4445838
55.856
4446873
55.593
4447909
55.495
4448945
55.533
4449980
55.652
4451016
55.744
4452051
55.735
4453087
55.576
4454123
55.937
4455158
55.975
4456194
55.861
4457230
55.750
4458265
55.474
4459301
55.534
4460336
55.674
4461372
55.733
4462408
55.729
4463443
55.508
4464479
55.496
4465515
55.732
4466550
55.828
4467586
55.623
4468621
55.377
4469657
55.574
4470693
55.617
4471728
55.715
4472764
55.567
4473800
55.437
4474835
55.329
4475871
55.582
4476906
55.742
4477942
55.679
4478978
55.439
4480013
55.868
4481049
55.808
4482085
55.767
4483120
55.582
4484156
55.379
4485191
55.552
4486227
55.705
4487263
55.573
4488298
55.396
4489334
55.264
4490370
55.484
4491405
55.594
4492441
55.693
4493476
55.490
4494512
55.399
4495548
55.650
4496583
55.765
4497619
55.603
4498655
55.389
4499690
55.558
4500726
55.631
4501761
55.700
4502797
55.724
4503833
55.505
4504868
55.429
4505904
55.665
4506940
55.773
4507975
55.551
4509011
55.386
4510046
55.380
4511082
55.454
4512118
55.667
4513153
55.421
4514189
55.310
4515225
55.650
4516260
55.732
4517296
55.575
4518331
55.628
4519367
55.501
4520403
55.548
4521438
55.681
4522474
55.703
4523510
55.627
4524545
55.401
4525581
55.553
4526616
55.782
4527652
55.754
4528688
55.586
4529723
55.513
4530759
55.521
4531795
55.634
4532830
55.647
4533866
55.445
4534901
55.332
4535937
55.430
4536973
55.644
4538008
55.740
4539044
55.634
4540080
55.526
4541115
55.428
4542151
55.390
4543186
55.613
4544222
55.757
4545258
55.698
4546293
55.481
4547329
55.372
4548365
55.461
4549400
55.671
4550436
55.676
4551471
55.613
4552507
55.384
4553543
55.302
4554578
55.580
4555614
55.708
4556650
55.706
4557685
55.474
4558721
55.424
4559756
55.652
4560792
55.700
4561828
55.768
4562863
55.670
4563899
55.467
4564935
55.520
4565970
55.557
4567006
55.773
4568041
55.761
4569077
55.589
4570113
55.482
4571148
55.714
4572184
55.764
4573220
55.767
4574255
55.713
4575291
55.621
4576326
55.420
4577362
55.089
4578398
55.430
4579433
55.600
4580469
55.553
4581505
55.342
4582540
55.303
4583576
55.570
4584611
55.659
4585647
55.780
4586683
55.544
4587718
55.492
4588754
55.642
4589790
55.728
4590825
55.738
4591861
55.600
4592896
55.355
4593932
55.497
4594968
55.688
4596003
55.685
4597039
55.486
4598075
55.331
4599110
55.374
4600146
55.594
4601181
55.660
4602217
55.473
4603253
55.336
4604288
55.300
4605324
55.524
4606360
55.647
4607395
55.554
4608431
55.387
4609467
55.414
4610502
55.614
4611538
55.703
4612573
55.659
4613609
55.572
4614645
55.407
4615680
55.775
4616716
55.773
4617752
55.870
4618787
55.743
4619823
55.504
4620858
55.483
4621894
55.604
4622930
55.687
4623965
55.476
4625001
55.392
4626037
55.339
4627072
55.642
4628108
55.673
4629143
55.700
4630179
55.471
4631215
55.257
4632250
55.569
4633286
55.702
4634322
55.483
4635357
55.407
4636393
55.577
4637428
55.762
4638464
55.667
4639500
55.432
4640535
55.337
4641571
55.455
4642607
55.634
4643642
55.768
4644678
55.538
4645713
55.456
4646749
55.646
4647785
55.741
4648820
55.668
4649856
55.510
4650892
55.420
4651927
55.089
4652963
55.528
4653998
55.583
4655034
55.435
4656070
55.294
4657105
55.411
4658141
55.646
4659177
55.697
4660212
55.590
4661248
55.405
4662283
55.390
4663319
55.624
4664355
55.763
4665390
55.513
4666426
55.389
4667462
55.392
4668497
55.559
4669533
55.742
4670568
55.668
4671604
55.477
4672640
55.348
4673675
55.537
4674711
55.665
4675747
55.684
4676782
55.595
4677818
55.386
4678853
55.182
4679889
55.553
4680925
55.584
4681960
55.446
4682996
55.322
4684032
55.480
4685067
55.625
4686103
55.654
4687138
55.503
4688174
55.328
4689210
55.538
4690245
55.676
4691281
55.547
4692317
55.461
4693352
55.395
4694388
55.297
4695423
55.522
4696459
55.415
4697495
55.285
4698530
55.318
4699566
55.577
4700602
55.685
4701637
55.485
4702673
55.265
4703708
55.440
4704744
55.638
4705780
55.660
4706815
55.517
4707851
55.501
4708887
55.668
4709922
55.675
4710958
55.723
4711993
55.537
4713029
55.390
4714065
55.591
4715100
55.768
4716136
55.538
4717172
55.456
4718207
55.371
4719243
55.406
4720278
55.588
4721314
55.525
4722350
55.427
4723385
55.335
4724421
55.596
4725457
55.749
4726492
55.584
4727528
55.523
4728563
55.470
4729599
55.554
4730635
55.618
4731670
55.628
4732706
55.446
4733742
55.234
4734777
55.447
4735813
55.642
4736848
55.662
4737884
55.485
4738920
55.308
4739955
55.264
4740991
55.561
4742027
55.611
4743062
55.547
4744098
55.406
4745133
55.401
4746169
55.508
4747205
55.705
4748240
55.617
4749276
55.495
4750312
55.490
4751347
55.619
4752383
55.540
4753418
55.424
4754454
55.344
4755490
55.469
4756525
55.653
4757561
55.667
4758597
55.455
4759632
55.359
4760668
55.312
4761703
55.629
4762739
55.644
4763775
55.476
4764810
55.271
4765846
55.367
4766882
55.590
4767917
55.625
4768953
55.478
4769988
55.360
4771024
55.246
4772060
55.541
4773095
55.633
4774131
55.438
4775167
55.219
4776202
55.329
4777238
55.627
4778273
55.665
4779309
55.410
4780345
55.337
4781380
55.498
4782416
55.590
4783452
55.702
4784487
55.571
4785523
55.407
4786558
55.313
4787594
55.465
4788630
55.551
4789665
55.353
4790701
55.407
4791737
55.611
4792772
55.723
4793808
55.505
4794843
55.340
4795879
55.621
4796915
55.685
4797950
55.738
4798986
55.567
4800022
55.295
4801057
55.488
4802093
55.629
4803128
55.623
4804164
55.432
4805200
55.337
4806235
55.356
4807271
55.541
4808307
55.765
4809342
55.537
4810378
55.356
4811413
55.530
4812449
55.628
4813485
55.633
4814520
55.504
4815556
55.340
4816592
55.456
4817627
55.569
4818663
55.691
4819698
55.709
4820734
55.387
4821770
55.370
4822805
55.570
4823841
55.615
4824877
55.571
4825912
55.517
4826948
55.357
4827983
55.575
4829019
55.738
4830055
55.842
4831090
55.520
4832126
55.359
4833162
55.499
4834197
55.678
4835233
55.636
4836268
55.439
4837304
55.407
4838340
55.456
4839375
55.547
4840411
55.516
4841447
55.401
4842482
55.354
4843518
55.485
4844553
55.650
4845589
55.633
4846625
55.459
4847660
55.373
4848696
55.428
4849732
55.555
4850767
55.707
4851803
55.485
4852838
55.309
4853874
55.253
4854910
55.490
4855945
55.630
4856981
55.491
4858017
55.322
4859052
55.315
4860088
55.510
4861123
55.673
4862159
55.611
4863195
55.493
4864230
55.455
4865266
55.624
4866302
55.763
4867337
55.678
4868373
55.482
4869408
55.307
4870444
55.715
4871480
55.819
4872515
55.707
4873551
55.551
4874587
55.496
4875622
55.545
4876658
55.646
4877693
55.609
4878729
55.404
4879765
55.180
4880800
55.706
4881836
55.738
4882872
55.754
4883907
55.476
4884943
55.370
4885978
55.306
4887014
55.406
4888050
55.632
4889085
55.613
4890121
55.383
4891157
55.324
4892192
55.305
4893228
55.493
4894263
55.577
4895299
55.376
4896335
55.320
4897370
55.556
4898406
55.641
4899442
55.618
4900477
55.386
4901513
55.149
4902548
55.283
4903584
55.527
4904620
55.417
4905655
55.330
4906691
55.341
4907727
55.533
4908762
55.564
4909798
55.524
4910833
55.372
4911869
55.428
4912905
55.577
4913940
55.728
4914976
55.518
4916012
55.083
4917047
55.405
4918083
55.554
4919118
55.475
4920154
55.304
4921190
55.405
4922225
55.587
4923261
55.547
4924297
55.372
4925332
55.296
4926368
55.225
4927403
55.553
4928439
55.573
4929475
55.353
4930510
55.352
4931546
55.462
4932582
55.583
4933617
55.435
4934653
55.283
4935688
55.439
4936724
55.604
4937760
55.610
4938795
55.448
4939831
55.191
4940867
55.217
4941902
55.449
4942938
55.599
4943973
55.486
4945009
55.309
4946045
55.001
4947080
55.330
4948116
55.451
4949152
55.523
4950187
55.338
4951223
55.356
4952258
55.486
4953294
55.573
4954330
55.441
4955365
55.297
4956401
55.655
4957437
55.646
4958472
55.686
4959508
55.475
4960543
55.337
4961579
55.256
4962615
55.524
4963650
55.603
4964686
55.588
4965722
55.415
4966757
55.273
4967793
55.291
4968828
55.420
4969864
55.353
4970900
55.353
4971935
55.308
4972971
55.418
4974007
55.583
4975042
55.567
4976078
55.404
4977113
55.268
4978149
55.596
4979185
55.716
4980220
55.699
4981256
55.328
4982292
55.263
4983327
55.318
4984363
55.522
4985398
55.547
4986434
55.439
4987470
55.340
4988505
55.566
4989541
55.591
4990577
55.736
4991612
55.522
4992648
55.316
4993683
55.576
4994719
55.673
4995755
55.633
4996790
55.449
4997826
55.356
4998862
55.651
4999897
55.678
5000933
55.592
5001968
55.384
5003004
55.379
5004040
55.563
5005075
55.623
5006111
55.465
5007147
55.409
5008182
55.435
5009218
55.592
5010253
55.681
5011289
55.505
5012325
55.396
5013360
55.495
5014396
55.599
5015432
55.542
5016467
55.381
5017503
55.212
5018538
55.414
5019574
55.537
5020610
55.511
5021645
55.310
5022681
55.221
5023717
55.397
5024752
55.594
5025788
55.517
5026823
55.369
5027859
55.294
5028895
55.499
5029930
55.624
5030966
55.587
5032002
55.348
5033037
55.350
5034073
55.428
5035108
55.577
5036144
55.520
5037180
55.359
5038215
55.355
5039251
55.497
5040287
55.633
5041322
55.581
5042358
55.345
5043393
55.349
5044429
55.515
5045465
55.599
5046500
55.464
5047536
55.232
5048572
54.951
5049607
55.405
5050643
55.510
5051678
55.343
5052714
55.282
5053750
55.306
5054785
55.516
5055821
55.588
5056857
55.547
5057892
55.383
5058928
55.335
5059963
55.508
5060999
55.617
5062035
55.474
5063070
55.336
5064106
55.322
5065142
55.447
5066177
55.641
5067213
55.541
5068248
55.336
5069284
55.377
5070320
55.530
5071355
55.617
5072391
55.440
5073427
55.286
5074462
54.934
5075498
55.330
5076533
55.484
5077569
55.341
5078605
55.259
5079640
55.459
5080676
55.549
5081712
55.461
5082747
55.352
5083783
55.231
5084818
55.335
5085854
55.652
5086890
55.656
5087925
55.427
5088961
55.246
5089997
55.288
5091032
55.452
5092068
55.534
5093103
55.410
5094139
55.205
5095175
55.345
5096210
55.469
5097246
55.554
5098282
55.563
5099317
55.347
5100353
55.317
5101388
55.477
5102424
55.591
5103460
55.581
5104495
55.379
5105531
55.134
5106567
55.430
5107602
55.501
5108638
55.504
5109673
55.395
5110709
55.252
5111745
55.269
5112780
55.476
5113816
55.590
5114852
55.460
5115887
55.230
5116923
55.247
5117958
55.497
5118994
55.623
5120030
55.410
5121065
55.249
5122101
55.235
5123137
55.370
5124172
55.526
5125208
55.593
5126243
55.374
5127279
55.275
5128315
55.434
5129350
55.602
5130386
55.576
5131422
55.288
5132457
55.210
5133493
55.380
5134528
55.476
5135564
55.480
5136600
55.339
5137635
55.148
5138671
55.613
5139707
55.757
5140742
55.665
5141778
55.453
5142813
55.315
5143849
54.904
5144885
55.293
5145920
55.455
5146956
55.315
5147992
55.235
5149027
55.315
5150063
55.499
5151098
55.601
5152134
55.510
5153170
55.376
5154205
55.309
5155241
55.429
5156277
55.600
5157312
55.652
5158348
55.513
5159383
55.355
5160419
55.442
5161455
55.507
5162490
55.539
5163526
55.424
5164562
55.278
5165597
55.326
5166633
55.438
5167668
55.582
5168704
55.621
5169740
55.376
5170775
55.232
5171811
55.314
5172847
55.454
5173882
55.436
5174918
55.174
5175953
55.120
5176989
55.610
5178025
55.635
5179060
55.626
5180096
55.456
5181132
55.294
5182167
55.246
5183203
55.398
5184238
55.507
5185274
55.561
5186310
55.369
5187345
55.294
5188381
55.334
5189417
55.530
5190452
55.540
5191488
55.215
5192523
55.174
5193559
54.999
5194595
55.384
5195630
55.434
5196666
55.228
5197702
55.158
5198737
55.222
5199773
55.441
5200809
55.617
5201844
55.682
5202880
55.231
5203915
55.182
5204951
55.300
5205987
55.359
5207022
55.586
5208058
55.403
5209094
55.268
5210129
55.189
5211165
55.325
5212200
55.471
5213236
55.565
5214272
55.382
5215307
55.224
5216343
55.519
5217379
55.655
5218414
55.658
5219450
55.582
5220485
55.401
5221521
55.277
5222557
55.414
5223592
55.493
5224628
55.554
5225664
55.519
5226699
55.260
5227735
55.218
5228770
55.384
5229806
55.577
5230842
55.530
5231877
55.441
5232913
55.298
5233949
54.907
5234984
55.393
5236020
55.516
5237055
55.412
5238091
55.294
5239127
54.784
5240162
55.255
5241198
55.446
5242234
55.377
5243269
55.178
5244305
55.188
5245340
55.380
5246376
55.520
5247412
55.403
5248447
55.311
5249483
55.244
5250519
55.309
5251554
55.517
5252590
55.534
5253625
55.443
5254661
55.166
5255697
55.226
5256732
55.322
5257768
55.447
5258804
55.587
5259839
55.469
5260875
55.312
5261910
55.288
5262946
55.375
5263982
55.528
5265017
55.528
5266053
55.319
5267089
55.226
5268124
55.146
5269160
55.359
5270195
55.509
5271231
55.519
5272267
55.358
5273302
55.267
5274338
55.145
5275374
55.391
5276409
55.559
5277445
55.554
5278480
55.321
5279516
55.183
5280552
55.267
5281587
55.486
5282623
55.540
5283659
55.402
5284694
55.201
5285730
55.155
5286765
55.353
5287801
55.506
5288837
55.429
5289872
55.215
5290908
55.184
5291944
55.312
5292979
55.442
5294015
55.518
5295050
55.358
5296086
55.212
5297122
55.337
5298157
55.466
5299193
55.398
5300229
55.177
5301264
55.132
5302300
55.275
5303335
55.435
5304371
55.580
5305407
55.433
5306442
55.272
5307478
54.608
5308514
55.145
5309549
55.347
5310585
55.383
5311620
55.246
5312656
55.222
5313692
55.309
5314727
55.441
5315763
55.517
5316799
55.402
5317834
55.289
5318870
55.353
5319905
55.584
5320941
55.600
5321977
55.553
5323012
55.408
5324048
55.138
5325084
55.047
5326119
55.233
5327155
55.424
5328190
55.487
5329226
55.167
5330262
55.105
5331297
55.229
5332333
55.477
5333369
55.514
5334404
55.466
5335440
55.255
5336475
55.072
5337511
55.421
5338547
55.530
5339582
55.430
5340618
55.215
5341654
55.195
5342689
55.307
5343725
55.527
5344760
55.561
5345796
55.324
5346832
55.272
5347867
55.301
5348903
55.470
5349939
55.444
5350974
55.244
5352010
55.265
5353045
55.396
5354081
55.594
5355117
55.495
5356152
55.259
5357188
54.964
5358224
55.257
5359259
55.404
5360295
55.180
5361330
55.123
5362366
55.138
5363402
55.289
5364437
55.497
5365473
55.424
5366509
55.223
5367544
55.189
5368580
54.929
5369615
55.207
5370651
55.367
5371687
55.217
5372722
55.053
5373758
55.038
5374794
55.294
5375829
55.466
5376865
55.277
5377900
55.149
5378936
55.042
5379972
55.230
5381007
55.423
5382043
55.343
5383079
55.150
5384114
55.075
5385150
55.279
5386185
55.437
5387221
55.427
5388257
55.269
5389292
55.112
5390328
55.353
5391364
55.474
5392399
55.424
5393435
55.234
5394470
55.205
5395506
55.179
5396542
55.431
5397577
55.512
5398613
55.377
5399649
55.200
5400684
55.166
5401720
55.204
5402755
55.410
5403791
55.590
5404827
55.229
5405862
55.092
5406898
55.200
5407934
55.408
5408969
55.501
5410005
55.482
5411040
55.230
5412076
55.115
5413112
55.222
5414147
55.606
5415183
55.413
5416219
55.295
5417254
55.059
5418290
55.195
5419325
55.350
5420361
55.516
5421397
55.170
5422432
55.074
5423468
55.356
5424504
55.519
5425539
55.315
5426575
55.168
5427610
55.051
5428646
55.279
5429682
55.447
5430717
55.257
5431753
55.106
5432789
55.603
5433824
55.566
5434860
55.426
5435895
55.169
5436931
55.271
5437967
55.345
5439002
55.469
5440038
55.389
5441074
55.205
5442109
55.268
5443145
55.266
5444180
55.419
5445216
55.154
5446252
55.077
5447287
55.303
5448323
55.459
5449359
55.450
5450394
55.390
5451430
55.129
5452465
55.152
5453501
55.296
5454537
55.500
5455572
55.349
5456608
55.109
5457644
54.966
5458679
55.159
5459715
55.355
5460750
55.276
5461786
55.171
5462822
55.141
5463857
55.433
5464893
55.404
5465929
55.554
5466964
55.233
5468000
55.237
5469035
55.383
5470071
55.510
5471107
55.343
5472142
55.227
5473178
55.256
5474214
55.392
5475249
55.493
5476285
55.236
5477320
55.140
5478356
55.312
5479392
55.387
5480427
55.347
5481463
55.130
5482499
55.373
5483534
55.450
5484570
55.390
5485605
55.206
5486641
55.114
5487677
55.299
5488712
55.513
5489748
55.476
5490784
55.150
5491819
55.075
5492855
55.203
5493890
55.321
5494926
55.425
5495962
55.168
5496997
55.095
5498033
55.191
5499069
55.326
5500104
55.559
5501140
55.258
5502175
55.173
5503211
55.251
5504247
55.423
5505282
55.453
5506318
55.194
5507354
55.075
5508389
55.213
5509425
55.382
5510460
55.400
5511496
55.255
5512532
55.116
5513567
55.289
5514603
55.409
5515639
55.413
5516674
55.251
5517710
55.114
5518745
55.057
5519781
55.348
5520817
55.372
5521852
55.197
5522888
55.241
5523924
55.242
5524959
55.374
5525995
55.363
5527030
55.225
5528066
55.113
5529102
55.287
5530137
55.452
5531173
55.292
5532209
55.003
5533244
55.001
5534280
55.265
5535315
55.407
5536351
55.347
5537387
55.118
5538422
55.059
5539458
55.294
5540494
55.411
5541529
55.282
5542565
55.064
5543600
55.747
5544636
55.572
5545672
55.528
5546707
55.341
5547743
55.071
5548779
55.168
5549814
55.337
5550850
55.311
5551885
55.112
5552921
54.891
5553957
55.165
5554992
55.303
5556028
55.294
5557064
55.158
5558099
55.057
5559135
55.040
5560170
55.251
5561206
55.389
5562242
55.371
5563277
55.119
5564313
55.060
5565349
55.338
5566384
55.444
5567420
55.310
5568455
55.012
5569491
55.039
5570527
55.272
5571562
55.367
5572598
55.316
5573634
55.114
5574669
55.156
5575705
55.375
5576740
55.484
5577776
55.253
5578812
55.006
5579847
55.080
5580883
55.271
5581919
55.179
5582954
55.046
5583990
54.979
5585025
55.132
5586061
55.374
5587097
55.308
5588132
55.066
5589168
55.484
5590204
55.517
5591239
55.413
5592275
55.239
5593310
54.900
5594346
55.060
5595382
55.294
5596417
55.290
5597453
55.134
5598489
55.551
5599524
55.506
5600560
55.550
5601595
55.253
5602631
55.116
5603667
55.344
5604702
55.458
5605738
55.251
5606774
55.103
5607809
55.129
5608845
55.328
5609880
55.395
5610916
55.330
5611952
55.143
5612987
55.049
5614023
55.234
5615059
55.458
5616094
55.196
5617130
55.098
5618165
55.192
5619201
55.327
5620237
55.372
5621272
55.186
5622308
55.115
5623344
55.322
5624379
55.392
5625415
55.185
5626450
55.059
5627486
55.151
5628522
55.317
5629557
55.401
5630593
55.178
5631629
55.111
5632664
55.265
5633700
55.319
5634735
55.094
5635771
54.959
5636807
55.155
5637842
55.243
5638878
55.352
5639914
55.209
5640949
54.995
5641985
55.162
5643020
55.334
5644056
55.277
5645092
55.007
5646127
54.926
5647163
55.194
5648199
55.350
5649234
55.131
5650270
55.033
5651305
55.071
5652341
55.245
5653377
55.199
5654412
55.111
5655448
55.044
5656484
55.055
5657519
55.391
5658555
55.272
5659590
55.103
5660626
55.503
5661662
55.504
5662697
55.307
5663733
55.121
5664769
54.994
5665804
55.261
5666840
55.329
5667875
55.142
5668911
55.049
5669947
55.377
5670982
55.430
5672018
55.413
5673054
55.141
5674089
55.213
5675125
55.261
5676160
55.339
5677196
55.159
5678232
55.024
5679267
55.155
5680303
55.254
5681339
55.182
5682374
54.992
5683410
54.996
5684445
55.229
5685481
55.290
5686517
55.178
5687552
55.078
5688588
55.468
5689624
55.399
5690659
55.354
5691695
55.067
5692730
55.066
5693766
55.066
5694802
55.264
5695837
55.231
5696873
55.050
5697909
54.970
5698944
55.128
5699980
55.372
5701015
55.417
5702051
55.208
5703087
54.950
5704122
55.030
5705158
55.224
5706194
55.266
5707229
55.188
5708265
54.973
5709300
55.086
5710336
55.263
5711372
55.274
5712407
55.115
5713443
54.937
5714479
54.946
5715514
55.160
5716550
55.234
5717585
55.062
5718621
54.877
5719657
55.170
5720692
55.272
5721728
55.279
5722764
55.128
5723799
54.987
5724835
55.170
5725870
55.272
5726906
55.224
5727942
55.090
5728977
55.023
5730013
55.176
5731049
55.209
5732084
55.259
5733120
55.063
5734155
54.878
5735191
55.093
5736227
55.233
5737262
55.084
5738298
54.976
5739334
55.252
5740369
55.324
5741405
55.184
5742440
55.026
5743476
54.969
5744512
55.171
5745547
55.174
5746583
54.955
5747619
54.900
5748654
55.005
5749690
55.234
5750725
55.117
5751761
54.937
5752797
55.024
5753832
55.287
5754868
55.264
5755904
55.154
5756939
55.033
5757975
55.171
5759010
55.250
5760046
55.037
5761082
54.953
5762117
55.152
5763153
55.274
5764189
55.093
5765224
55.036
5766260
55.183
5767295
55.212
5768331
55.007
5769367
54.960
5770402
55.079
5771438
55.204
5772474
55.091
5773509
54.980
5774545
55.001
5775580
55.198
5776616
55.209
5777652
54.984
5778687
55.091
5779723
55.243
5780759
55.122
5781794
54.962
5782830
54.992
5783865
55.216
5784901
55.163
5785937
54.938
5786972
55.090
5788008
55.254
5789044
55.270
5790079
55.058
5791115
55.172
5792151
55.317
5793186
55.291
5794222
55.046
5795257
55.111
5796293
55.166
5797329
55.248
5798364
54.992
5799400
55.051
5800436
55.201
5801471
55.266
5802507
55.012
5803542
54.929
5804578
55.173
5805614
55.274
5806649
55.115
5807685
54.991
5808721
55.106
5809756
55.207
5810792
55.136
5811827
54.947
5812863
55.007
5813899
55.157
5814934
55.233
5815970
55.083
5817006
54.976
5818041
55.252
5819077
55.302
5820112
55.184
5821148
55.026
5822184
55.046
5823219
55.254
5824255
55.248
5825291
54.970
5826326
54.864
5827362
55.075
5828397
55.224
5829433
55.134
5830469
54.968
5831504
54.962
5832540
55.212
5833576
55.238
5834611
55.031
5835647
54.895
5836682
54.639
5837718
55.051
5838754
55.047
5839789
54.947
5840825
54.907
5841861
55.218
5842896
55.186
5843932
54.906
5844967
55.008
5846003
55.224
5847039
55.233
5848074
55.017
5849110
54.910
5850146
54.966
5851181
55.170
5852217
54.942
5853252
54.828
5854288
54.881
5855324
55.171
5856359
55.141
5857395
55.103
5858431
55.030
5859466
55.114
5860502
55.266
5861537
55.221
5862573
55.044
5863609
54.967
5864644
54.720
5865680
55.047
5866716
55.122
5867751
54.907
5868787
54.492
5869822
54.900
5870858
55.126
5871894
54.942
5872929
54.817
5873965
54.996
5875001
55.185
5876036
55.236
5877072
55.030
5878107
54.861
5879143
55.084
5880179
55.163
5881214
55.137
5882250
54.936
5883286
54.979
5884321
55.045
5885357
55.143
5886392
54.951
5887428
54.843
5888464
54.273
5889499
54.856
5890535
55.049
5891571
54.959
5892606
54.847
5893642
55.012
5894677
55.270
5895713
55.102
5896749
54.952
5897784
55.537
5898820
55.367
5899856
55.327
5900891
55.108
5901927
54.955
5902962
55.044
5903998
55.154
5905034
55.187
5906069
54.972
5907105
54.843
5908141
54.988
5909176
55.148
5910212
55.041
5911247
54.921
5912283
55.170
5913319
55.228
5914354
55.323
5915390
55.106
5916426
54.910
5917461
55.032
5918497
55.203
5919532
55.168
5920568
54.963
5921604
54.849
5922639
55.013
5923675
55.193
5924711
55.075
5925746
54.696
5926782
54.771
5927817
55.073
5928853
55.157
5929889
55.002
5930924
54.792
5931960
54.918
5932996
55.157
5934031
55.188
5935067
55.028
5936102
54.871
5937138
54.969
5938174
55.127
5939209
55.130
5940245
54.867
5941281
54.922
5942316
55.104
5943352
55.162
5944387
54.894
5945423
54.738
5946459
55.133
5947494
55.243
5948530
55.275
5949566
55.028
5950601
54.805
5951637
54.924
5952672
55.061
5953708
55.097
5954744
54.916
5955779
54.738
5956815
54.924
5957851
54.951
5958886
54.921
5959922
54.784
5960957
54.815
5961993
55.073
5963029
55.179
5964064
55.013
5965100
54.863
5966136
54.965
5967171
55.125
5968207
55.162
5969242
54.839
5970278
54.842
5971314
55.075
5972349
55.115
5973385
54.870
5974421
54.726
5975456
54.918
5976492
55.069
5977527
54.958
5978563
54.858
5979599
54.852
5980634
55.135
5981670
55.166
5982706
55.061
5983741
54.899
5984777
54.839
5985812
55.030
5986848
55.070
5987884
54.837
5988919
54.852
5989955
54.948
5990991
55.238
5992026
54.998
5993062
54.845
5994097
54.824
5995133
55.033
5996169
55.027
5997204
54.893
5998240
54.814
5999276
54.995
6000311
55.163
6001347
55.147
6002382
54.909
6003418
54.855
6004454
55.126
6005489
55.129
6006525
55.075
6007561
54.829
6008596
54.518
6009632
54.869
6010667
54.913
6011703
54.802
6012739
54.780
6013774
54.802
6014810
55.044
6015846
55.055
6016881
54.852
6017917
54.585
6018952
54.924
6019988
55.105
6021024
54.943
6022059
54.905
6023095
54.942
6024131
55.191
6025166
55.084
6026202
54.822
6027237
54.779
6028273
55.000
6029309
55.033
6030344
54.774
6031380
54.733
6032416
54.977
6033451
55.131
6034487
55.055
6035522
54.774
6036558
55.063
6037594
55.197
6038629
55.131
6039665
54.934
6040701
54.758
6041736
54.945
6042772
55.126
6043807
55.063
6044843
54.790
6045879
54.807
6046914
55.024
6047950
55.111
6048986
54.847
6050021
54.846
6051057
55.000
6052092
55.143
6053128
55.138
6054164
54.882
6055199
54.820
6056235
55.042
6057271
55.109
6058306
55.021
6059342
54.791
6060377
54.884
6061413
55.041
6062449
55.131
6063484
54.944
6064520
54.851
6065556
55.058
6066591
55.095
6067627
55.047
6068662
54.782
6069698
54.814
6070734
55.061
6071769
54.997
6072805
54.834
6073841
54.631
6074876
55.013
6075912
55.073
6076947
54.992
6077983
54.754
6079019
54.679
6080054
54.895
6081090
55.002
6082126
54.814
6083161
54.830
6084197
55.025
6085232
55.101
6086268
55.083
6087304
54.712
6088339
54.735
6089375
54.933
6090411
55.110
6091446
55.110
6092482
54.846
6093517
54.824
6094553
55.011
6095589
55.148
6096624
55.074
6097660
54.861
6098696
54.667
6099731
54.954
6100767
55.043
6101802
54.967
6102838
54.840
6103874
54.854
6104909
54.993
6105945
55.019
6106981
54.932
6108016
54.702
6109052
54.807
6110087
55.014
6111123
54.908
6112159
54.701
6113194
54.685
6114230
54.964
6115266
55.070
6116301
54.881
6117337
54.808
6118372
54.981
6119408
55.112
6120444
55.001
6121479
54.769
6122515
55.138
6123551
55.157
6124586
55.122
6125622
54.874
6126657
54.651
6127693
54.969
6128729
55.072
6129764
54.882
6130800
54.754
6131836
54.800
6132871
55.021
6133907
54.956
6134942
54.813
6135978
54.884
6137014
55.041
6138049
55.032
6139085
54.895
6140121
54.749
6141156
54.996
6142192
55.097
6143227
55.092
6144263
54.771
6145299
54.853
6146334
55.003
6147370
54.826
6148406
54.737
6149441
54.736
6150477
54.967
6151512
54.918
6152548
54.651
6153584
54.605
6154619
54.891
6155655
54.890
6156691
54.758
6157726
54.648
6158762
54.890
6159797
54.967
6160833
54.797
6161869
54.612
6162904
54.916
6163940
55.057
6164976
55.062
6166011
54.899
6167047
54.751
6168082
55.030
6169118
55.048
6170154
54.914
6171189
54.737
6172225
55.253
6173261
55.149
6174296
55.063
6175332
54.845
6176367
54.548
6177403
54.774
6178439
54.964
6179474
54.960
6180510
54.749
6181546
54.655
6182581
54.893
6183617
54.991
6184652
54.753
6185688
54.657
6186724
54.707
6187759
54.986
6188795
54.916
6189831
54.771
6190866
54.742
6191902
54.87
54.646
6441488
54.801
6442523
54.527
6443559
54.389
6444594
55.135
6445630
55.078
6446666
54.951
6447701
54.701
6448737
54.465
6449773
54.282
6450808
54.586
6451844
54.573
6452879
54.423
6453915
54.173
6454951
54.322
6455986
54.595
6457022
54.589
6458058
54.453
6459093
54.452
6460129
54.682
6461164
54.852
6462200
54.783
6463236
54.561
6464271
54.517
6465307
54.670
6466343
54.813
6467378
54.687
6468414
54.579
6469449
54.482
6470485
54.741
6471521
54.738
6472556
54.627
6473592
54.451
6474628
54.472
6475663
54.648
6476699
54.791
6477734
54.610
6478770
54.519
6479806
54.110
6480841
54.522
6481877
54.706
6482913
54.710
6483948
54.459
6484984
54.532
6486019
54.733
6487055
54.811
6488091
54.543
6489126
54.375
6490162
54.556
6491198
54.745
6492233
54.718
6493269
54.628
6494304
54.319
6495340
54.385
6496376
54.615
6497411
54.687
6498447
54.579
6499483
54.471
6500518
54.856
6501554
54.906
6502589
54.755
6503625
54.592
6504661
54.246
6505696
54.557
6506732
54.668
6507768
54.592
6508803
54.488
6509839
54.623
6510874
54.680
6511910
54.730
6512946
54.546
6513981
54.410
6515017
54.551
6516053
54.720
6517088
54.530
6518124
54.446
6519159
54.338
6520195
54.570
6521231
54.785
6522266
54.651
6523302
54.473
6524338
54.451
6525373
54.582
6526409
54.747
6527444
54.599
6528480
54.447
6529516
54.328
6530551
54.543
6531587
54.683
6532623
54.611
6533658
54.387
6534694
54.386
6535729
54.737
6536765
54.802
6537801
54.714
6538836
54.472
6539872
54.384
6540908
54.549
6541943
54.654
6542979
54.706
6544014
54.413
6545050
54.090
6546086
54.424
6547121
54.591
6548157
54.543
6549193
54.441
6550228
54.941
6551264
54.937
6552299
54.870
6553335
54.605
6554371
54.285
6555406
54.302
6556442
54.585
6557478
54.616
6558513
54.511
6559549
54.393
6560584
54.476
6561620
54.672
6562656
54.715
6563691
54.572
6564727
54.445
6565763
54.370
6566798
54.586
6567834
54.518
6568869
54.396
6569905
54.423
6570941
54.734
6571976
54.746
6573012
54.587
6574048
54.441
6575083
54.435
6576119
54.530
6577154
54.677
6578190
54.641
6579226
54.523
6580261
54.344
6581297
54.430
6582333
54.671
6583368
54.813
6584404
54.599
6585439
54.271
6586475
54.625
6587511
54.724
6588546
54.730
6589582
54.667
6590618
54.493
6591653
54.724
6592689
54.818
6593724
54.744
6594760
54.410
6595796
54.309
6596831
53.951
6597867
54.365
6598903
54.397
6599938
54.313
6600974
54.316
6602009
54.394
6603045
54.609
6604081
54.408
6605116
54.385
6606152
54.297
6607188
54.461
6608223
54.610
6609259
54.673
6610294
54.528
6611330
54.357
6612366
54.448
6613401
54.581
6614437
54.625
6615473
54.395
6616508
54.279
6617544
54.519
6618579
54.671
6619615
54.748
6620651
54.522
6621686
54.332
6622722
54.446
6623758
54.558
6624793
54.691
6625829
54.471
6626864
54.307
6627900
53.916
6628936
54.381
6629971
54.614
6631007
54.477
6632043
54.353
6633078
54.424
6634114
54.591
6635149
54.630
6636185
54.320
6637221
54.231
6638256
54.286
6639292
54.544
6640328
54.497
6641363
54.275
6642399
54.352
6643434
54.533
6644470
54.909
6645506
54.647
6646541
54.361
6647577
54.505
6648613
54.587
6649648
54.618
6650684
54.435
6651719
54.310
6652755
54.446
6653791
54.602
6654826
54.603
6655862
54.494
6656898
54.296
6657933
54.494
6658969
54.582
6660004
54.593
6661040
54.433
6662076
54.299
6663111
54.396
6664147
54.577
6665183
54.492
6666218
54.372
6667254
54.367
6668289
54.430
6669325
54.638
6670361
54.566
6671396
54.409
6672432
54.199
6673468
54.269
6674503
54.613
6675539
54.355
6676574
54.227
6677610
54.272
6678646
54.383
6679681
54.549
6680717
54.675
6681753
54.420
6682788
54.127
6683824
54.442
6684859
54.512
6685895
54.371
6686931
54.191
6687966
54.496
6689002
54.583
6690038
54.539
6691073
54.307
6692109
54.269
6693144
54.491
6694180
54.559
6695216
54.482
6696251
54.301
6697287
54.343
6698323
54.517
6699358
54.440
6700394
54.335
6701429
54.293
6702465
54.405
6703501
54.636
6704536
54.543
6705572
54.233
6706608
54.407
6707643
54.462
6708679
54.676
6709714
54.453
6710750
54.407
6711786
54.385
6712821
54.527
6713857
54.621
6714893
54.381
6715928
54.240
6716964
54.378
6717999
54.546
6719035
54.586
6720071
54.353
6721106
54.357
6722142
54.459
6723178
54.630
6724213
54.628
6725249
54.374
6726284
54.258
6727320
54.387
6728356
54.518
6729391
54.627
6730427
54.461
6731463
54.291
6732498
54.392
6733534
54.575
6734570
54.579
6735605
54.349
6736641
54.224
6737676
54.370
6738712
54.564
6739748
54.606
6740783
54.220
6741819
54.170
6742855
54.376
6743890
54.468
6744926
54.426
6745961
54.185
6746997
54.251
6748033
54.505
6749068
54.532
6750104
54.491
6751140
54.284
6752175
54.444
6753211
54.524
6754246
54.487
6755282
54.325
6756318
54.234
6757353
54.265
6758389
54.445
6759425
54.536
6760460
54.328
6761496
54.191
6762531
54.419
6763567
54.545
6764603
54.442
6765638
54.259
6766674
54.157
6767710
54.358
6768745
54.514
6769781
54.416
6770816
54.268
6771852
54.260
6772888
54.333
6773923
54.524
6774959
54.421
6775995
54.248
6777030
54.195
6778066
54.389
6779101
54.650
6780137
54.616
6781173
54.324
6782208
54.233
6783244
54.397
6784280
54.412
6785315
54.299
6786351
54.210
6787386
54.286
6788422
54.412
6789458
54.563
6790493
54.264
6791529
54.137
6792565
54.217
6793600
54.498
6794636
54.485
6795671
54.248
6796707
54.151
6797743
54.311
6798778
54.469
6799814
54.393
6800850
54.268
6801885
54.260
6802921
54.388
6803956
54.562
6804992
54.429
6806028
54.329
6807063
54.225
6808099
54.513
6809135
54.504
6810170
54.356
6811206
54.227
6812241
54.316
6813277
54.427
6814313
54.450
6815348
54.274
6816384
54.164
6817420
54.362
6818455
54.483
6819491
54.367
6820526
54.156
6821562
54.292
6822598
54.470
6823633
54.438
6824669
54.257
6825705
54.210
6826740
54.154
6827776
54.357
6828811
54.316
6829847
54.086
6830883
54.675
6831918
54.617
6832954
54.490
6833990
54.261
6835025
54.212
6836061
54.287
6837096
54.479
6838132
54.420
6839168
54.248
6840203
54.140
6841239
54.361
6842275
54.461
6843310
54.367
6844346
54.233
6845381
54.682
6846417
54.676
6847453
54.640
6848488
54.369
6849524
54.245
6850560
54.358
6851595
54.481
6852631
54.279
6853666
54.133
6854702
54.160
6855738
54.382
6856773
54.493
6857809
54.317
6858845
54.131
6859880
54.070
6860916
54.293
6861951
54.438
6862987
54.290
6864023
54.150
6865058
54.366
6866094
54.408
6867130
54.495
6868165
54.263
6869201
54.148
6870236
54.211
6871272
54.484
6872308
54.489
6873343
54.327
6874379
54.190
6875415
54.661
6876450
54.600
6877486
54.349
6878521
54.267
6879557
54.205
6880593
54.371
6881628
54.422
6882664
54.227
6883700
54.063
6884735
54.158
6885771
54.370
6886806
54.366
6887842
54.210
6888878
54.088
6889913
54.258
6890949
54.497
6891985
54.517
6893020
54.308
6894056
54.214
6895091
54.255
6896127
54.374
6897163
54.302
6898198
54.233
6899234
54.111
6900270
54.511
6901305
54.525
6902341
54.322
6903376
54.155
6904412
54.061
6905448
54.299
6906483
54.320
6907519
54.209
6908555
54.076
6909590
54.098
6910626
54.307
6911661
54.390
6912697
54.156
6913733
54.083
6914768
54.211
6915804
54.441
6916840
54.500
6917875
54.288
6918911
54.215
6919946
53.948
6920982
54.276
6922018
54.231
6923053
54.076
6924089
53.999
6925125
54.060
6926160
54.376
6927196
54.226
6928231
54.052
6929267
54.306
6930303
54.389
6931338
54.452
6932374
54.319
6933410
54.165
6934445
54.197
6935481
54.390
6936516
54.354
6937552
54.226
6938588
54.129
6939623
54.278
6940659
54.463
6941695
54.325
6942730
54.200
6943766
54.171
6944801
54.410
6945837
54.452
6946873
54.506
6947908
54.346
6948944
54.244
6949980
54.325
6951015
54.409
6952051
54.485
6953086
54.236
6954122
54.409
6955158
54.474
6956193
54.473
6957229
54.417
6958265
54.159
6959300
54.337
6960336
54.394
6961371
54.488
6962407
54.381
6963443
54.239
6964478
54.279
6965514
54.815
6966550
54.699
6967585
54.574
6968621
54.248
6969656
54.217
6970692
54.169
6971728
54.309
6972763
54.347
6973799
54.178
6974835
54.028
6975870
54.118
6976906
54.372
6977941
54.422
6978977
54.238
6980013
54.025
6981048
54.260
6982084
54.454
6983120
54.408
6984155
54.165
6985191
54.076
6986226
53.889
6987262
54.236
6988298
54.365
6989333
54.209
6990369
54.088
6991405
54.137
6992440
54.282
6993476
54.355
6994511
54.238
6995547
54.058
6996583
54.100
6997618
54.352
6998654
54.478
6999690
54.189
7000725
54.022
7001761
54.016
7002796
54.255
7003832
54.265
7004868
54.115
7005903
53.964
7006939
54.185
7007975
54.339
7009010
54.219
7010046
54.125
7011081
54.123
7012117
54.198
7013153
54.357
7014188
54.327
7015224
54.190
7016260
54.045
7017295
54.270
7018331
54.404
7019366
54.295
7020402
54.240
7021438
54.081
7022473
54.211
7023509
54.308
7024545
54.390
7025580
54.057
7026616
53.968
7027651
54.143
7028687
54.307
7029723
54.280
7030758
54.156
7031794
54.039
7032830
54.057
7033865
54.265
7034901
54.346
7035936
54.123
7036972
54.023
7038008
54.049
7039043
54.272
7040079
54.339
7041115
54.185
7042150
54.087
7043186
54.169
7044221
54.354
7045257
54.468
7046293
54.228
7047328
54.130
7048364
54.125
7049400
54.320
7050435
54.264
7051471
54.159
7052506
54.173
7053542
54.278
7054578
54.375
7055613
54.215
7056649
54.002
7057685
54.270
7058720
54.316
7059756
54.372
7060791
54.202
7061827
54.106
7062863
54.245
7063898
54.314
7064934
54.371
7065970
54.048
7067005
53.974
7068041
54.113
7069076
54.281
7070112
54.311
7071148
54.171
7072183
54.069
7073219
54.127
7074255
54.234
7075290
54.210
7076326
54.088
7077361
54.005
7078397
54.051
7079433
54.229
7080468
54.207
7081504
54.032
7082540
53.977
7083575
54.224
7084611
54.348
7085646
54.377
7086682
54.183
7087718
54.008
7088753
54.108
7089789
54.257
7090825
54.112
7091860
53.918
7092896
53.876
7093931
54.086
7094967
54.290
7096003
54.282
7097038
54.102
7098074
54.045
7099110
54.104
7100145
54.266
7101181
54.347
7102216
54.212
7103252
54.078
7104288
54.209
7105323
54.285
7106359
54.346
7107395
54.156
7108430
54.017
7109466
53.815
7110501
54.111
7111537
54.258
7112573
54.134
7113608
54.061
7114644
53.948
7115680
54.232
7116715
54.330
7117751
54.104
7118786
53.969
7119822
54.022
7120858
54.126
7121893
54.266
7122929
54.215
7123965
54.047
7125000
53.951
7126036
53.926
7127071
54.155
7128107
54.236
7129143
54.200
7130178
54.039
7131214
54.168
7132250
54.298
7133285
54.330
7134321
54.082
7135356
54.035
7136392
54.132
7137428
54.225
7138463
54.206
7139499
54.042
7140535
53.938
7141570
54.117
7142606
54.250
7143641
54.284
7144677
54.059
7145713
53.914
7146748
54.182
7147784
54.283
7148820
54.146
7149855
54.056
7150891
53.989
7151926
54.220
7152962
54.258
7153998
54.112
7155033
53.962
7156069
54.096
7157105
54.229
7158140
54.284
7159176
54.015
7160211
53.881
7161247
53.956
7162283
54.170
7163318
54.233
7164354
54.001
7165390
53.774
7166425
53.815
7167461
54.177
7168496
54.258
7169532
54.079
7170568
53.946
7171603
54.033
7172639
54.186
7173675
54.186
7174710
53.955
7175746
53.917
7176781
54.018
7177817
54.113
7178853
54.227
7179888
54.085
7180924
53.839
7181960
53.935
7182995
54.083
7184031
54.211
7185066
54.045
7186102
53.851
7187138
53.942
7188173
54.152
7189209
54.048
7190245
53.952
7191280
53.882
7192316
53.330
7193351
53.791
7194387
53.867
7195423
53.829
7196458
53.820
7197494
53.827
7198530
54.106
7199565
53.893
7200601
53.786
7201636
53.876
7202672
54.064
7203708
54.136
7204743
53.930
7205779
53.871
7206815
53.820
7207850
53.959
7208886
54.149
7209921
54.113
7210957
54.094
7211993
53.876
7213028
53.943
7214064
54.131
7215100
54.279
7216135
54.024
7217171
53.896
7218206
53.403
7219242
53.904
7220278
54.012
7221313
53.868
7222349
53.796
7223385
54.046
7224420
54.226
7225456
54.184
7226491
54.009
7227527
54.009
7228563
54.131
7229598
54.191
7230634
54.079
7231670
53.945
7232705
54.033
7233741
54.230
7234776
54.175
7235812
53.928
7236848
53.870
7237883
53.929
7238919
54.123
7239955
54.122
7240990
53.934
7242026
53.873
7243061
54.095
7244097
54.207
7245133
54.240
7246168
53.905
7247204
53.452
7248240
53.863
7249275
54.046
7250311
54.039
7251346
53.849
7252382
53.775
7253418
53.871
7254453
54.105
7255489
54.102
7256525
53.935
7257560
53.829
7258596
53.854
7259631
54.086
7260667
54.180
7261703
53.919
7262738
53.777
7263774
53.751
7264810
54.111
7265845
54.182
7266881
54.151
7267916
53.948
7268952
53.847
7269988
53.929
7271023
54.046
7272059
54.105
7273095
53.783
7274130
53.687
7275166
54.025
7276201
54.149
7277237
54.047
7278273
53.907
7279308
53.761
7280344
54.039
7281380
54.157
7282415
54.215
7283451
53.959
7284486
54.050
7285522
54.030
7286558
54.053
7287593
54.010
7288629
53.801
7289665
53.432
7290700
53.831
7291736
53.888
7292771
53.773
7293807
53.671
7294843
53.918
7295878
54.107
7296914
54.146
7297950
53.924
7298985
53.824
7300021
54.368
7301056
54.299
7302092
54.210
7303128
53.934
7304163
53.785
7305199
53.732
7306235
53.992
7307270
54.012
7308306
53.780
7309341
53.741
7310377
53.854
7311413
54.042
7312448
54.092
7313484
53.864
7314520
53.772
7315555
53.825
7316591
53.983
7317626
53.964
7318662
53.888
7319698
53.784
7320733
53.886
7321769
54.036
7322805
54.034
7323840
53.868
7324876
53.686
7325911
53.848
7326947
54.028
7327983
54.140
7329018
53.866
7330054
53.850
7331090
54.051
7332125
54.085
7333161
54.103
7334196
54.089
7335232
53.940
7336268
53.909
7337303
54.025
7338339
54.084
7339375
54.025
7340410
53.830
7341446
53.832
7342481
53.998
7343517
54.070
7344553
53.875
7345588
53.712
7346624
53.652
7347660
53.908
7348695
54.003
7349731
53.951
7350766
53.783
7351802
53.709
7352838
53.827
7353873
53.995
7354909
53.915
7355945
53.830
7356980
53.766
7358016
53.800
7359051
53.993
7360087
53.958
7361123
53.808
7362158
53.667
7363194
53.871
7364230
53.963
7365265
54.074
7366301
53.921
7367336
53.636
7368372
53.647
7369408
53.784
7370443
53.952
7371479
54.003
7372515
53.853
7373550
53.777
7374586
53.960
7375621
54.117
7376657
54.096
7377693
53.943
7378728
53.801
7379764
53.839
7380800
53.991
7381835
53.846
7382871
53.807
7383906
53.777
7384942
53.904
7385978
54.056
7387013
53.835
7388049
53.725
7389085
53.922
7390120
54.043
7391156
53.851
7392191
53.732
7393227
53.750
7394263
53.891
7395298
54.017
7396334
53.782
7397370
53.852
7398405
53.964
7399441
54.031
7400476
53.955
7401512
53.762
7402548
53.446
7403583
53.772
7404619
53.792
7405655
53.604
7406690
53.565
7407726
54.041
7408761
54.113
7409797
53.952
7410833
53.761
7411868
53.852
7412904
53.964
7413940
54.031
7414975
53.834
7416011
53.658
7417046
54.175
7418082
54.092
7419118
54.007
7420153
53.701
7421189
53.679
7422225
53.823
7423260
53.982
7424296
53.853
7425331
53.701
7426367
53.756
7427403
53.894
7428438
53.985
7429474
53.745
7430510
53.591
7431545
53.757
7432581
53.960
7433616
53.985
7434652
53.800
7435688
53.718
7436723
53.732
7437759
53.926
7438795
53.858
7439830
53.703
7440866
53.515
7441901
53.730
7442937
53.870
7443973
53.995
7445008
53.738
7446044
53.918
7447080
54.052
7448115
54.009
7449151
53.823
7450186
53.674
7451222
54.359
7452258
54.240
7453293
54.048
7454329
53.743
7455365
53.755
7456400
53.828
7457436
53.897
7458471
53.744
7459507
53.624
7460543
53.465
7461578
53.749
7462614
53.813
7463650
53.604
7464685
53.664
7465721
53.925
7466756
54.022
7467792
53.774
7468828
53.672
7469863
53.940
7470899
54.030
7471935
53.899
7472970
53.724
7474006
53.691
7475041
53.872
7476077
53.864
7477113
53.563
7478148
53.699
7479184
53.678
7480220
53.855
7481255
53.889
7482291
53.740
7483326
53.633
7484362
53.602
7485398
53.872
7486433
53.798
7487469
53.640
7488505
53.484
7489540
53.538
7490576
53.818
7491611
53.892
7492647
53.720
7493683
53.601
7494718
53.618
7495754
53.957
7496790
53.918
7497825
53.667
7498861
53.585
7499896
53.721
7500932
53.843
7501968
53.850
7503003
53.721
7504039
53.590
7505075
53.734
7506110
53.861
7507146
53.991
7508181
53.747
7509217
53.659
7510253
53.812
7511288
53.856
7512324
53.812
7513360
53.581
7514395
53.081
7515431
53.534
7516466
53.728
7517502
53.594
7518538
53.560
7519573
53.895
7520609
53.986
7521645
53.877
7522680
53.646
7523716
53.410
7524751
53.787
7525787
53.888
7526823
53.663
7527858
53.506
7528894
53.659
7529930
53.824
7530965
53.840
7532001
53.628
7533037
53.511
7534072
53.485
7535108
53.715
7536143
53.840
7537179
53.551
7538215
53.539
7539250
53.741
7540286
53.887
7541322
53.728
7542357
53.385
7543393
53.423
7544428
53.683
7545464
53.847
7546500
53.708
7547535
53.595
7548571
53.715
7549607
53.840
7550642
53.903
7551678
53.671
7552713
53.620
7553749
53.903
7554785
53.924
7555820
53.857
7556856
53.625
7557892
53.224
7558927
53.661
7559963
53.714
7560998
53.510
7562034
53.628
7563070
53.896
7564105
53.953
7565141
53.751
7566177
53.605
7567212
53.918
7568248
53.942
7569283
53.789
7570319
53.404
7571355
53.432
7572390
53.688
7573426
53.816
7574462
53.572
7575497
53.483
7576533
53.516
7577568
53.763
7578604
53.721
7579640
53.580
7580675
53.487
7581711
53.726
7582747
53.791
7583782
53.571
7584818
53.493
7585853
53.730
7586889
53.727
7587925
53.516
7588960
53.400
7589996
53.650
7591032
53.819
7592067
53.728
7593103
53.473
7594138
53.543
7595174
53.755
7596210
53.772
7597245
53.638
7598281
53.868
7599317
53.928
7600352
53.859
7601388
53.682
7602423
53.549
7603459
53.559
7604495
53.664
7605530
53.562
7606566
53.478
7607602
53.524
7608637
53.701
7609673
53.833
7610708
53.526
7611744
53.537
7612780
53.630
7613815
53.754
7614851
53.475
7615887
53.446
7616922
53.519
7617958
53.786
7618993
53.755
7620029
53.641
7621065
53.737
7622100
53.786
7623136
53.744
7624172
53.613
7625207
53.503
7626243
53.702
7627278
53.900
7628314
53.625
7629350
53.476
7630385
53.336
7631421
53.640
7632457
53.748
7633492
53.637
7634528
53.472
7635563
53.620
7636599
53.793
7637635
53.692
7638670
53.598
7639706
53.628
7640742
53.819
7641777
53.761
7642813
53.621
7643848
53.519
7644884
53.676
7645920
53.755
7646955
53.652
7647991
53.578
7649027
53.761
7650062
53.775
7651098
53.662
7652133
53.506
7653169
53.659
7654205
53.768
7655240
53.691
7656276
53.433
7657312
53.600
7658347
53.816
7659383
53.759
7660418
53.588
7661454
53.502
7662490
53.547
7663525
53.756
7664561
53.685
7665597
53.573
7666632
53.494
7667668
53.763
7668703
53.766
7669739
53.591
7670775
53.558
7671810
53.795
7672846
53.936
7673882
53.797
7674917
53.584
7675953
53.390
7676988
53.557
7678024
53.784
7679060
53.699
7680095
53.568
7681131
53.690
7682167
53.773
7683202
53.815
7684238
53.582
7685273
53.554
7686309
53.782
7687345
53.896
7688380
53.689
7689416
53.586
7690452
53.556
7691487
53.783
7692523
53.830
7693558
53.568
7694594
53.404
7695630
53.619
7696665
53.760
7697701
53.819
7698737
53.518
7699772
53.478
7700808
53.678
7701843
53.822
7702879
53.839
7703915
53.507
7704950
53.417
7705986
53.615
7707022
53.735
7708057
53.444
7709093
53.331
7710128
53.549
7711164
53.725
7712200
53.603
7713235
53.477
7714271
53.413
7715307
53.591
7716342
53.668
7717378
53.520
7718413
53.402
7719449
53.541
7720485
53.688
7721520
53.728
7722556
53.418
7723592
53.461
7724627
53.559
7725663
53.730
7726698
53.650
7727734
53.456
7728770
53.502
7729805
53.668
7730841
53.740
7731877
53.600
7732912
53.387
7733948
53.644
7734983
53.772
7736019
53.693
7737055
53.367
7738090
53.194
7739126
53.503
7740162
53.690
7741197
53.487
7742233
53.331
7743268
53.373
7744304
53.626
7745340
53.642
7746375
53.441
7747411
53.406
7748447
53.598
7749482
53.628
7750518
53.445
7751553
53.321
7752589
53.731
7753625
53.739
7754660
53.731
7755696
53.607
7756732
53.456
7757767
53.557
7758803
53.652
7759838
53.468
7760874
53.310
7761910
53.572
7762945
53.714
7763981
53.653
7765017
53.424
7766052
53.332
7767088
53.605
7768123
53.709
7769159
53.529
7770195
53.341
7771230
53.323
7772266
53.282
7773302
53.470
7774337
53.674
7775373
53.424
7776408
53.233
7777444
53.148
7778480
53.469
7779515
53.498
7780551
53.358
7781587
53.398
7782622
53.396
7783658
53.637
7784693
53.625
7785729
53.477
7786765
53.369
7787800
53.470
7788836
53.619
7789872
53.506
7790907
53.307
7791943
53.417
7792978
53.526
7794014
53.647
7795050
53.477
7796085
53.314
7797121
53.431
7798157
53.578
7799192
53.607
7800228
53.434
7801263
53.227
7802299
53.509
7803335
53.638
7804370
53.505
7805406
53.395
7806442
53.306
7807477
53.526
7808513
53.570
7809548
53.482
7810584
53.328
7811620
53.504
7812655
53.647
7813691
53.587
7814727
53.182
7815762
53.299
7816798
53.523
7817833
53.656
7818869
53.558
7819905
53.311
7820940
53.364
7821976
53.610
7823012
53.733
7824047
53.453
7825083
53.292
7826118
53.453
7827154
53.599
7828190
53.530
7829225
53.209
7830261
53.257
7831297
53.535
7832332
53.640
7833368
53.627
7834403
53.280
7835439
53.348
7836475
53.569
7837510
53.547
7838546
53.361
7839582
53.190
7840617
53.358
7841653
53.563
7842688
53.512
7843724
53.508
7844760
53.572
7845795
53.692
7846831
53.532
7847867
53.298
7848902
53.588
7849938
53.744
7850973
53.778
7852009
53.630
7853045
53.457
7854080
53.370
7855116
53.569
7856152
53.361
7857187
53.223
7858223
53.166
7859258
53.390
7860294
53.513
7861330
53.310
7862365
53.407
7863401
53.445
7864437
53.529
7865472
53.572
7866508
53.395
7867543
53.328
7868579
53.658
7869615
53.647
7870650
53.510
7871686
53.243
7872722
53.087
7873757
53.428
7874793
53.576
7875828
53.474
7876864
53.313
7877900
53.430
7878935
53.522
7879971
53.403
7881007
53.157
7882042
53.264
7883078
53.549
7884113
53.439
7885149
53.295
7886185
53.202
7887220
53.441
7888256
53.461
7889292
53.285
7890327
53.240
7891363
53.515
7892398
53.653
7893434
53.479
7894470
53.283
7895505
53.173
7896541
53.449
7897577
53.531
7898612
53.188
7899648
53.181
7900683
53.309
7901719
53.429
7902755
53.455
7903790
53.293
7904826
53.266
7905862
53.407
7906897
53.500
7907933
53.227
7908968
53.244
7910004
53.198
7911040
53.428
7912075
53.433
7913111
53.348
7914147
53.294
7915182
53.520
7916218
53.644
7917253
53.552
7918289
53.308
7919325
53.373
7920360
53.493
7921396
53.598
7922432
53.331
7923467
53.208
7924503
53.422
7925538
53.551
7926574
53.429
7927610
53.334
7928645
53.254
7929681
53.478
7930717
53.370
7931752
53.206
7932788
53.025
7933823
53.254
7934859
53.445
7935895
53.375
7936930
53.198
7937966
53.351
7939002
53.460
7940037
53.394
7941073
53.174
7942108
52.767
7943144
53.136
7944180
53.342
7945215
53.214
7946251
53.282
7947287
53.415
7948322
53.459
7949358
53.295
7950393
53.135
7951429
53.276
7952465
53.456
7953500
53.447
7954536
53.178
7955572
53.055
7956607
53.390
7957643
53.436
7958678
53.261
7959714
53.173
7960750
53.317
7961785
53.443
7962821
53.298
7963857
53.126
7964892
53.282
7965928
53.437
7966963
53.503
7967999
53.405
7969035
53.157
7970070
53.276
7971106
53.500
7972142
53.381
7973177
53.200
7974213
53.033
7975248
53.280
7976284
53.458
7977320
53.360
7978355
53.135
7979391
53.418
7980427
53.483
7981462
53.472
7982498
53.246
7983533
53.210
7984569
53.368
7985605
53.513
7986640
53.409
7987676
53.226
7988712
53.211
7989747
53.478
7990783
53.502
7991818
53.316
7992854
53.168
7993890
53.204
7994925
53.409
7995961
53.391
7996997
53.205
7998032
53.245
7999068
53.385
8000103
53.522
8001139
53.271
8002175
53.233
8003210
53.138
8004246
53.442
8005282
53.451
8006317
53.125
8007353
53.029
8008388
53.277
8009424
53.347
8010460
53.480
8011495
53.261
8012531
53.086
8013567
53.141
8014602
53.421
8015638
53.375
8016673
53.131
8017709
53.065
8018745
53.185
8019780
53.367
8020816
53.347
8021852
53.217
8022887
53.041
8023923
53.229
8024958
53.377
8025994
53.397
8027030
53.197
8028065
53.076
8029101
53.169
8030137
53.413
8031172
53.371
8032208
53.140
8033243
52.937
8034279
53.243
8035315
53.384
8036350
53.422
8037386
53.111
8038422
53.099
8039457
53.224
8040493
53.331
8041529
53.297
8042564
53.103
8043600
53.018
8044635
53.239
8045671
53.481
8046707
53.416
8047742
53.218
8048778
53.130
8049814
53.207
8050849
53.311
8051885
53.331
8052920
53.164
8053956
53.070
8054992
52.924
8056027
53.214
8057063
53.392
8058099
53.140
8059134
52.926
8060170
53.083
8061205
53.316
8062241
53.322
8063277
53.039
8064312
53.051
8065348
52.750
8066384
53.182
8067419
53.354
8068455
53.330
8069490
53.175
8070526
53.108
8071562
53.317
8072597
53.477
8073633
53.182
8074669
53.035
8075704
53.105
8076740
53.183
8077775
53.322
8078811
53.281
8079847
53.040
8080882
53.074
8081918
53.333
8082954
53.441
8083989
53.318
8085025
53.103
8086060
53.315
8087096
53.376
8088132
53.440
8089167
53.109
8090203
53.065
8091239
53.152
8092274
53.339
8093310
53.433
8094345
53.127
8095381
52.997
8096417
53.206
8097452
53.366
8098488
53.314
8099524
53.134
8100559
53.033
8101595
53.192
8102630
53.392
8103666
53.426
8104702
53.135
8105737
52.890
8106773
53.153
8107809
53.417
8108844
53.229
8109880
53.180
8110915
53.045
8111951
53.230
8112987
53.345
8114022
53.282
8115058
53.096
8116094
53.146
8117129
53.259
8118165
53.425
8119200
53.509
8120236
53.231
8121272
53.236
8122307
53.381
8123343
53.431
8124379
53.270
8125414
53.134
8126450
53.198
8127485
53.395
8128521
53.317
8129557
53.224
8130592
53.023
8131628
53.230
8132664
53.312
8133699
53.320
8134735
53.104
8135770
53.106
8136806
53.272
8137842
53.465
8138877
53.221
8139913
53.087
8140949
53.252
8141984
53.378
8143020
53.441
8144055
53.252
8145091
53.059
8146127
53.095
8147162
53.398
8148198
53.440
8149234
53.274
8150269
53.048
8151305
53.155
8152340
53.330
8153376
53.318
8154412
53.246
8155447
53.210
8156483
53.225
8157519
53.342
8158554
53.302
8159590
53.018
8160625
52.986
8161661
53.245
8162697
53.364
8163732
53.258
8164768
53.161
8165804
53.134
8166839
53.363
8167875
53.302
8168910
53.095
8169946
53.024
8170982
53.110
8172017
53.362
8173053
53.191
8174089
52.985
8175124
53.343
8176160
53.424
8177195
53.497
8178231
53.280
8179267
53.095
8180302
53.157
8181338
53.341
8182374
53.368
8183409
53.183
8184445
53.046
8185480
53.055
8186516
53.302
8187552
53.282
8188587
53.074
8189623
53.003
8190659
53.286
8191694
53.340
8192730
53.334
8193765
53.001
8194801
52.956
8195837
53.142
8196872
53.257
8197908
52.885
8198944
52.755
8199979
52.392
8201015
52.926
8202050
53.127
8203086
52.887
8204122
52.788
8205157
53.146
8206193
53.204
8207229
53.079
8208264
52.929
8209300
52.985
8210335
53.146
8211371
53.193
8212407
52.985
8213442
52.970
8214478
53.039
8215514
53.194
8216549
53.118
8217585
52.783
8218620
52.990
8219656
53.104
8220692
53.172
8221727
53.107
8222763
52.920
8223799
53.036
8224834
53.270
8225870
53.321
8226905
53.061
8227941
52.864
8228977
52.942
8230012
53.190
8231048
53.248
8232084
52.969
8233119
52.940
8234155
52.804
8235190
53.044
8236226
53.175
8237262
53.174
8238297
52.910
8239333
52.932
8240369
53.097
8241404
53.268
8242440
52.979
8243475
53.021
8244511
53.010
8245547
53.136
8246582
53.265
8247618
53.153
8248654
52.900
8249689
52.938
8250725
53.078
8251760
53.214
8252796
53.018
8253832
52.953
8254867
53.041
8255903
53.185
8256939
53.278
8257974
53.149
8259010
53.019
8260045
52.953
8261081
53.559
8262117
53.465
8263152
53.298
8264188
53.071
8265224
52.924
8266259
53.005
8267295
53.134
8268330
53.176
8269366
52.999
8270402
52.844
8271437
52.943
8272473
53.136
8273509
53.177
8274544
53.087
8275580
52.845
8276615
52.866
8277651
53.053
8278687
53.180
8279722
53.089
8280758
52.922
8281794
52.960
8282829
53.089
8283865
53.143
8284900
53.081
8285936
52.919
8286972
52.705
8288007
52.764
8289043
53.090
8290079
52.780
8291114
52.812
8292150
52.872
8293185
53.012
8294221
53.148
8295257
53.304
8296292
53.052
8297328
52.849
8298364
53.188
8299399
53.269
8300435
53.199
8301470
53.055
8302506
52.883
8303542
53.007
8304577
53.134
8305613
53.132
8306649
52.867
8307684
52.779
8308720
53.064
8309755
53.141
8310791
53.125
8311827
52.984
8312862
52.793
8313898
52.720
8314934
52.969
8315969
52.895
8317005
52.606
8318040
52.142
8319076
52.559
8320112
52.932
8321147
52.822
8322183
52.679
8323219
52.696
8324254
52.880
8325290
53.060
8326325
53.040
8327361
52.898
8328397
52.783
8329432
53.000
8330468
53.131
8331504
53.010
8332539
52.883
8333575
52.841
8334610
53.129
8335646
53.272
8336682
53.311
8337717
53.001
8338753
52.867
8339789
52.878
8340824
53.048
8341860
53.111
8342895
52.889
8343931
52.647
8344967
52.998
8346002
53.130
8347038
53.119
8348074
52.828
8349109
52.759
8350145
52.625
8351180
52.955
8352216
52.965
8353252
52.894
8354287
52.737
8355323
52.713
8356359
53.032
8357394
53.136
8358430
52.935
8359465
52.922
8360501
53.004
8361537
53.034
8362572
52.928
8363608
52.875
8364644
52.915
8365679
53.110
8366715
53.076
8367750
52.905
8368786
52.798
8369822
52.931
8370857
53.129
8371893
53.020
8372929
52.778
8373964
52.866
8375000
53.042
8376035
53.163
8377071
52.959
8378107
52.748
8379142
52.928
8380178
53.040
8381214
52.964
8382249
52.794
8383285
52.753
8384320
52.886
8385356
53.140
8386392
52.882
8387427
52.720
8388463
52.529
8389499
52.797
8390534
52.875
8391570
52.871
8392605
52.758
8393641
53.010
8394677
53.114
8395712
52.957
8396748
52.703
8397784
52.806
8398819
52.946
8399855
53.082
8400890
52.952
8401926
52.777
8402962
52.569
8403997
52.871
8405033
52.946
8406069
53.016
8407104
52.820
8408140
52.722
8409175
52.904
8410211
53.083
8411247
53.062
8412282
52.821
8413318
52.734
8414354
52.954
8415389
53.053
8416425
52.849
8417460
52.781
8418496
52.790
8419532
52.993
8420567
53.062
8421603
52.909
8422639
52.865
8423674
52.756
8424710
52.943
8425745
53.047
8426781
52.990
8427817
52.774
8428852
52.754
8429888
52.788
8430924
53.080
8431959
52.962
8432995
52.815
8434030
52.796
8435066
52.941
8436102
53.080
8437137
52.918
8438173
52.738
8439209
52.626
8440244
52.845
8441280
52.987
8442315
53.059
8443351
52.797
8444387
52.667
8445422
52.788
8446458
52.882
8447494
53.028
8448529
52.925
8449565
52.709
8450600
52.644
8451636
52.942
8452672
53.091
8453707
53.012
8454743
52.741
8455779
52.737
8456814
52.461
8457850
52.685
8458885
52.765
8459921
52.749
8460957
52.742
8461992
52.848
8463028
52.956
8464064
53.032
8465099
52.762
8466135
52.605
8467170
52.625
8468206
52.658
8469242
52.861
8470277
52.852
8471313
52.705
8472349
52.654
8473384
52.782
8474420
52.934
8475455
53.021
8476491
53.053
8477527
52.762
8478562
52.583
8479598
52.735
8480634
52.889
8481669
52.899
8482705
52.718
8483740
52.616
8484776
52.774
8485812
52.886
8486847
52.997
8487883
52.733
8488919
52.624
8489954
52.756
8490990
52.954
8492025
52.998
8493061
52.921
8494097
52.706
8495132
52.753
8496168
52.843
8497204
52.887
8498239
52.635
8499275
52.530
8500310
52.654
8501346
52.892
8502382
52.934
8503417
52.834
8504453
52.652
8505489
52.759
8506524
52.879
8507560
52.795
8508595
52.644
8509631
52.612
8510667
52.849
8511702
52.890
8512738
52.713
8513774
52.614
8514809
52.729
8515845
52.962
8516880
53.035
8517916
52.775
8518952
52.644
8519987
52.535
8521023
52.811
8522059
52.937
8523094
52.803
8524130
52.482
8525165
52.520
8526201
52.792
8527237
52.928
8528272
52.765
8529308
52.629
8530344
52.549
8531379
52.664
8532415
52.875
8533450
52.859
8534486
52.742
8535522
52.573
8536557
52.499
8537593
52.749
8538629
52.851
8539664
52.672
8540700
52.461
8541735
52.465
8542771
52.743
8543807
52.870
8544842
52.769
8545878
52.675
8546914
52.572
8547949
52.565
8548985
52.826
8550020
52.791
8551056
52.674
8552092
52.616
8553127
53.115
8554163
53.079
8555199
53.082
8556234
52.864
8557270
52.612
8558305
52.596
8559341
52.720
8560377
52.881
8561412
52.764
8562448
52.694
8563484
52.604
8564519
52.757
8565555
52.921
8566590
52.927
8567626
52.610
8568662
52.474
8569697
52.670
8570733
52.834
8571769
52.872
8572804
52.836
8573840
52.664
8574875
52.644
8575911
52.755
8576947
52.899
8577982
52.739
8579018
52.561
8580054
52.515
8581089
52.603
8582125
52.855
8583161
52.861
8584196
52.610
8585232
52.672
8586267
52.769
8587303
52.928
8588339
52.930
8589374
52.623
8590410
52.634
8591446
52.772
8592481
52.863
8593517
52.733
8594552
52.590
8595588
52.508
8596624
52.808
8597659
52.837
8598695
52.643
8599731
52.589
8600766
52.838
8601802
52.951
8602837
52.963
8603873
52.673
8604909
52.450
8605944
52.680
8606980
52.784
8608016
52.902
8609051
52.697
8610087
52.573
8611122
52.906
8612158
52.897
8613194
52.827
8614229
52.648
8615265
52.559
8616301
52.438
8617336
52.729
8618372
52.819
8619407
52.832
8620443
52.629
8621479
52.582
8622514
52.790
8623550
52.905
8624586
52.743
8625621
52.463
8626657
52.445
8627692
52.655
8628728
52.827
8629764
52.945
8630799
52.609
8631835
52.539
8632871
52.692
8633906
52.900
8634942
52.839
8635977
52.599
8637013
52.546
8638049
52.695
8639084
52.824
8640120
52.724
8641156
52.509
8642191
52.457
8643227
52.617
8644262
52.775
8645298
52.754
8646334
52.810
8647369
52.519
8648405
52.814
8649441
52.818
8650476
52.831
8651512
52.694
8652547
52.472
8653583
52.669
8654619
52.878
8655654
52.817
8656690
52.533
8657726
52.502
8658761
52.750
8659797
52.918
8660832
52.826
8661868
52.516
8662904
52.537
8663939
52.745
8664975
52.784
8666011
52.814
8667046
52.554
8668082
52.677
8669117
52.760
8670153
52.725
8671189
52.675
8672224
52.539
8673260
52.549
8674296
52.685
8675331
52.765
8676367
52.617
8677402
52.500
8678438
52.573
8679474
52.686
8680509
52.754
8681545
52.590
8682581
52.563
8683616
52.495
8684652
52.779
8685687
52.834
8686723
52.707
8687759
52.566
8688794
52.430
8689830
52.549
8690866
52.719
8691901
52.649
8692937
52.483
8693972
52.443
8695008
52.611
8696044
52.749
8697079
52.731
8698115
52.545
8699151
52.431
8700186
52.615
8701222
52.796
8702257
52.754
8703293
52.535
8704329
52.370
8705364
52.211
8706400
52.605
8707436
52.636
8708471
52.443
8709507
52.281
8710542
52.485
8711578
52.632
8712614
52.738
8713649
52.582
8714685
52.460
8715721
52.399
8716756
52.500
8717792
52.716
8718827
52.747
8719863
52.565
8720899
52.462
8721934
52.334
8722970
52.589
8724006
52.618
8725041
52.478
8726077
52.298
8727112
52.417
8728148
52.630
8729184
52.759
8730219
52.538
8731255
52.438
8732291
52.443
8733326
52.676
8734362
52.705
8735397
52.346
8736433
52.375
8737469
52.455
8738504
52.639
8739540
52.565
8740576
52.397
8741611
52.378
8742647
52.567
8743682
52.673
8744718
52.571
8745754
52.488
8746789
52.424
8747825
52.601
8748861
52.678
8749896
52.508
8750932
52.379
8751967
52.480
8753003
52.618
8754039
52.632
8755074
52.441
8756110
52.378
8757146
52.479
8758181
52.695
8759217
52.692
8760252
52.416
8761288
52.388
8762324
52.715
8763359
52.736
8764395
52.768
8765431
52.553
8766466
52.291
8767502
52.447
8768537
52.645
8769573
52.580
8770609
52.536
8771644
52.371
8772680
52.816
8773716
52.841
8774751
52.799
8775787
52.458
8776822
52.343
8777858
52.495
8778894
52.658
8779929
52.619
8780965
52.424
8782001
52.513
8783036
52.579
8784072
52.690
8785107
52.646
8786143
52.470
8787179
52.327
8788214
52.508
8789250
52.654
8790286
52.683
8791321
52.478
8792357
52.331
8793392
52.664
8794428
52.721
8795464
52.629
8796499
52.439
8797535
52.356
8798571
52.248
8799606
52.392
8800642
52.552
8801677
52.599
8802713
52.446
8803749
52.084
8804784
52.431
8805820
52.616
8806856
52.466
8807891
52.336
8808927
52.315
8809962
52.403
8810998
52.624
8812034
52.613
8813069
52.398
8814105
52.368
8815141
52.375
8816176
52.566
8817212
52.551
8818247
52.356
8819283
52.127
8820319
51.892
8821354
52.302
8822390
52.496
8823426
52.395
8824461
52.256
8825497
52.385
8826532
52.560
8827568
52.680
8828604
52.531
8829639
52.379
8830675
52.447
8831711
52.667
8832746
52.668
8833782
52.503
8834817
52.233
8835853
52.308
8836889
52.576
8837924
52.567
8838960
52.397
8839996
52.236
8841031
52.419
8842067
52.521
8843102
52.562
8844138
52.450
8845174
52.229
8846209
52.283
8847245
52.498
8848281
52.528
8849316
52.411
8850352
52.275
8851387
52.802
8852423
52.768
8853459
52.762
8854494
52.506
8855530
52.389
8856566
52.352
8857601
52.488
8858637
52.556
8859672
52.623
8860708
52.261
8861744
52.563
8862779
52.616
8863815
52.598
8864851
52.358
8865886
52.238
8866922
52.354
8867957
52.544
8868993
52.595
8870029
52.334
8871064
52.292
8872100
52.348
8873136
52.596
8874171
52.566
8875207
52.397
8876242
52.247
8877278
52.468
8878314
52.612
8879349
52.574
8880385
52.412
8881421
52.221
8882456
52.401
8883492
52.578
8884527
52.546
8885563
52.178
8886599
52.181
8887634
52.315
8888670
52.425
8889706
52.514
8890741
52.316
8891777
52.184
8892812
52.327
8893848
52.431
8894884
52.495
8895919
52.416
8896955
52.234
8897991
52.264
8899026
52.389
8900062
52.551
8901097
52.356
8902133
52.325
8903169
52.288
8904204
52.093
8905240
52.391
8906276
52.365
8907311
52.241
8908347
52.268
8909382
52.292
8910418
52.502
8911454
52.376
8912489
52.236
8913525
52.320
8914561
52.461
8915596
52.498
8916632
52.374
8917667
52.257
8918703
52.177
8919739
52.389
8920774
52.474
8921810
52.296
8922846
52.163
8923881
52.140
8924917
52.349
8925952
52.443
8926988
52.258
8928024
52.287
8929059
52.445
8930095
52.479
8931131
52.310
8932166
52.137
8933202
52.380
8934238
52.513
8935273
52.437
8936309
52.233
8937344
52.363
8938380
52.504
8939416
52.641
8940451
52.402
8941487
52.183
8942523
52.436
8943558
52.552
8944594
52.467
8945629
52.216
8946665
52.343
8947701
52.483
8948736
52.345
8949772
52.132
8950808
52.334
8951843
52.402
8952879
52.425
8953914
52.305
8954950
52.244
8955986
52.434
8957021
52.573
8958057
52.258
8959093
52.177
8960128
52.389
8961164
52.430
8962199
52.406
8963235
52.317
8964271
52.261
8965306
52.399
8966342
52.192
8967378
52.166
8968413
52.318
8969449
52.526
8970484
52.410
8971520
52.242
8972556
52.246
8973591
52.446
8974627
52.447
8975663
52.250
8976698
52.096
8977734
52.283
8978769
52.475
8979805
52.473
8980841
52.053
8981876
52.207
8982912
52.360
8983948
52.437
8984983
52.190
8986019
52.110
8987054
52.301
8988090
52.429
8989126
52.373
8990161
52.212
8991197
52.231
8992233
52.406
8993268
52.339
8994304
52.228
8995339
52.140
8996375
52.492
8997411
52.525
8998446
52.344
8999482
52.187
9000518
52.493
9001553
52.482
9002589
52.465
9003624
52.390
9004660
52.166
9005696
52.340
9006731
52.482
9007767
52.520
9008803
52.440
9009838
52.279
9010874
52.221
9011909
52.301
9012945
52.408
9013981
52.230
9015016
52.108
9016052
52.190
9017088
52.154
9018123
52.334
9019159
52.281
9020194
52.144
9021230
52.032
9022266
52.273
9023301
52.394
9024337
52.476
9025373
52.088
9026408
52.081
9027444
52.286
9028479
52.400
9029515
52.226
9030551
52.161
9031586
52.107
9032622
52.343
9033658
52.440
9034693
52.411
9035729
52.154
9036764
52.037
9037800
52.122
9038836
52.351
9039871
52.168
9040907
52.011
9041943
52.043
9042978
52.124
9044014
52.363
9045049
52.219
9046085
52.102
9047121
52.121
9048156
52.362
9049192
52.372
9050228
52.311
9051263
52.225
9052299
52.106
9053334
52.277
9054370
52.406
9055406
52.372
9056441
52.201
9057477
52.083
9058513
52.221
9059548
52.346
9060584
52.386
9061619
52.164
9062655
52.097
9063691
52.305
9064726
52.432
9065762
52.517
9066798
52.339
9067833
52.185
9068869
52.778
9069904
52.635
9070940
52.542
9071976
52.242
9073011
52.169
9074047
52.495
9075083
52.461
9076118
52.443
9077154
52.193
9078189
51.979
9079225
52.192
9080261
52.320
9081296
52.318
9082332
52.163
9083368
51.931
9084403
52.179
9085439
52.346
9086474
52.353
9087510
52.126
9088546
52.089
9089581
52.257
9090617
52.188
9091653
51.988
9092688
51.899
9093724
52.008
9094759
52.228
9095795
52.283
9096831
52.080
9097866
51.956
9098902
51.685
9099938
52.088
9100973
52.235
9102009
52.067
9103044
51.982
9104080
51.830
9105116
52.161
9106151
52.261
9107187
52.189
9108223
51.945
9109258
52.108
9110294
52.256
9111330
52.396
9112365
52.301
9113401
52.078
9114436
52.263
9115472
52.366
9116508
52.385
9117543
52.175
9118579
51.970
9119615
52.165
9120650
52.241
9121686
52.344
9122721
52.099
9123757
51.878
9124793
51.712
9125828
52.091
9126864
52.214
9127900
52.045
9128935
51.961
9129971
52.336
9131006
52.436
9132042
52.387
9133078
52.099
9134113
51.910
9135149
52.190
9136185
52.319
9137220
52.406
9138256
52.141
9139291
51.920
9140327
52.250
9141363
52.349
9142398
52.069
9143434
51.840
9144470
51.990
9145505
52.252
9146541
52.317
9147576
52.053
9148612
51.942
9149648
52.107
9150683
52.234
9151719
52.176
9152755
51.971
9153790
52.055
9154826
52.230
9155861
52.339
9156897
52.217
9157933
52.003
9158968
51.928
9160004
52.199
9161040
52.368
9162075
52.276
9163111
52.120
9164146
52.174
9165182
52.344
9166218
52.330
9167253
52.147
9168289
52.110
9169325
51.982
9170360
52.204
9171396
52.249
9172431
51.986
9173467
51.887
9174503
52.134
9175538
52.225
9176574
52.282
9177610
52.079
9178645
51.790
9179681
51.910
9180716
52.113
9181752
52.050
9182788
51.776
9183823
51.848
9184859
52.104
9185895
52.342
9186930
52.252
9187966
51.954
9189001
51.959
9190037
52.049
9191073
52.172
9192108
51.914
9193144
51.807
9194180
52.006
9195215
52.183
9196251
52.118
9197286
52.085
9198322
51.980
9199358
52.082
9200393
52.221
9201429
52.247
9202465
51.841
9203500
51.837
9204536
52.010
9205571
52.130
9206607
52.212
9207643
52.022
9208678
51.883
9209714
52.001
9210750
52.191
9211785
52.265
9212821
52.147
9213856
51.946
9214892
52.109
9215928
52.212
9216963
52.165
9217999
51.944
9219035
51.459
9220070
51.887
9221106
52.146
9222141
52.121
9223177
51.965
9224213
52.075
9225248
52.250
9226284
52.261
9227320
52.047
9228355
51.895
9229391
51.985
9230426
52.106
9231462
52.233
9232498
52.044
9233533
51.806
9234569
51.676
9235605
52.062
9236640
52.365
9237676
52.109
9238711
51.949
9239747
51.835
9240783
51.889
9241818
52.080
9242854
52.132
9243890
51.949
9244925
51.803
9245961
52.411
9246996
52.265
9248032
52.224
9249068
52.006
9250103
51.886
9251139
52.167
9252175
52.275
9253210
52.295
9254246
51.822
9255281
51.783
9256317
51.884
9257353
52.089
9258388
52.214
9259424
52.001
9260460
51.916
9261495
52.017
9262531
52.145
9263566
52.197
9264602
52.103
9265638
51.846
9266673
51.520
9267709
51.841
9268745
52.090
9269780
52.049
9270816
51.896
9271851
51.721
9272887
51.909
9273923
52.145
9274958
52.110
9275994
51.861
9277030
51.967
9278065
52.120
9279101
52.196
9280136
51.761
9281172
51.653
9282208
51.853
9283243
52.106
9284279
52.123
9285315
51.912
9286350
51.872
9287386
51.665
9288421
51.935
9289457
52.027
9290493
51.896
9291528
51.864
9292564
52.035
9293600
52.154
9294635
52.224
9295671
51.929
9296706
51.715
9297742
51.961
9298778
52.182
9299813
52.150
9300849
51.936
9301885
51.796
9302920
51.924
9303956
52.065
9304991
52.048
9306027
51.863
9307063
51.825
9308098
52.005
9309134
52.182
9310170
52.161
9311205
51.909
9312241
51.705
9313276
51.879
9314312
52.009
9315348
51.954
9316383
51.827
9317419
51.840
9318455
51.913
9319490
52.104
9320526
52.012
9321561
51.790
9322597
51.943
9323633
52.085
9324668
52.113
9325704
51.873
9326740
51.743
9327775
51.996
9328811
52.046
9329846
51.939
9330882
51.820
9331918
51.760
9332953
51.961
9333989
52.072
9335025
52.040
9336060
51.903
9337096
52.044
9338131
52.114
9339167
52.138
9340203
51.963
9341238
51.787
9342274
51.777
9343310
52.046
9344345
52.126
9345381
51.935
9346416
51.719
9347452
51.401
9348488
51.793
9349523
52.010
9350559
51.899
9351595
51.811
9352630
51.678
9353666
51.821
9354701
52.003
9355737
51.994
9356773
51.781
9357808
51.675
9358844
51.434
9359880
51.776
9360915
52.002
9361951
51.972
9362986
51.748
9364022
51.702
9365058
51.767
9366093
52.020
9367129
52.113
9368165
51.884
9369200
51.671
9370236
51.829
9371271
51.940
9372307
52.040
9373343
52.189
9374378
51.923
9375414
51.745
9376450
51.789
9377485
52.030
9378521
52.074
9379556
51.975
9380592
51.783
9381628
51.719
9382663
51.765
9383699
52.018
9384735
51.936
9385770
51.873
9386806
51.721
9387841
51.556
9388877
51.782
9389913
52.005
9390948
51.787
9391984
51.743
9393020
51.601
9394055
52.002
9395091
52.137
9396126
52.117
9397162
51.908
9398198
51.749
9399233
51.824
9400269
51.971
9401305
52.077
9402340
51.988
9403376
51.844
9404411
51.783
9405447
51.939
9406483
52.007
9407518
51.974
9408554
51.760
9409590
51.631
9410625
51.644
9411661
51.793
9412696
52.054
9413732
51.943
9414768
51.778
9415803
51.695
9416839
51.851
9417875
51.919
9418910
51.875
9419946
51.722
9420981
51.535
9422017
51.452
9423053
51.763
9424088
51.809
9425124
51.831
9426160
51.689
9427195
51.738
9428231
51.950
9429266
51.968
9430302
51.856
9431338
51.547
9432373
51.646
9433409
51.893
9434445
52.016
9435480
51.803
9436516
51.642
9437551
51.649
9438587
51.696
9439623
51.940
9440658
51.798
9441694
51.452
9442730
51.477
9443765
51.798
9444801
51.947
9445836
51.900
9446872
51.679
9447908
51.635
9448943
51.832
9449979
52.041
9451015
51.970
9452050
51.769
9453086
51.602
9454121
51.882
9455157
51.967
9456193
51.977
9457228
51.761
9458264
51.654
9459300
51.754
9460335
51.837
9461371
51.856
9462406
51.723
9463442
51.734
9464478
51.695
9465513
51.873
9466549
51.886
9467585
51.771
9468620
51.647
9469656
51.762
9470691
51.962
9471727
51.963
9472763
51.853
9473798
51.590
9474834
51.601
9475870
51.738
9476905
51.851
9477941
51.721
9478976
51.666
9480012
51.639
9481048
51.681
9482083
51.822
9483119
51.816
9484155
51.626
9485190
51.751
9486226
51.836
9487261
52.043
9488297
51.860
9489333
51.714
9490368
51.630
9491404
51.412
9492440
51.776
9493475
51.727
9494511
51.637
9495546
51.646
9496582
51.915
9497618
51.940
9498653
51.831
9499689
51.600
9500725
51.914
9501760
52.005
9502796
52.007
9503831
52.062
9504867
51.749
9505903
51.692
9506938
51.817
9507974
51.835
9509010
51.680
9510045
51.525
9511081
51.689
9512116
51.904
9513152
51.890
9514188
51.773
9515223
51.637
9516259
51.713
9517295
51.871
9518330
51.830
9519366
51.567
9520401
51.523
9521437
51.678
9522473
51.821
9523508
51.793
9524544
51.538
9525580
51.718
9526615
51.874
9527651
51.809
9528686
51.688
9529722
51.529
9530758
51.142
9531793
51.454
9532829
51.786
9533865
51.633
9534900
51.512
9535936
51.606
9536971
51.785
9538007
51.963
9539043
51.765
9540078
51.568
9541114
51.744
9542150
51.821
9543185
51.914
9544221
51.829
9545256
51.622
9546292
51.716
9547328
51.862
9548363
51.825
9549399
51.729
9550435
51.605
9551470
51.641
9552506
51.770
9553541
51.900
9554577
51.723
9555613
51.524
9556648
51.524
9557684
51.480
9558720
51.799
9559755
51.849
9560791
51.752
9561826
51.616
9562862
51.669
9563898
51.751
9564933
51.857
9565969
51.757
9567005
51.530
9568040
51.417
9569076
51.361
9570111
51.673
9571147
51.819
9572183
51.616
9573218
51.493
9574254
51.652
9575290
51.885
9576325
51.836
9577361
51.603
9578396
51.586
9579432
51.709
9580468
51.803
9581503
51.884
9582539
51.693
9583575
51.443
9584610
51.561
9585646
51.729
9586681
51.836
9587717
51.735
9588753
51.398
9589788
51.406
9590824
51.597
9591860
51.726
9592895
51.570
9593931
51.536
9594966
51.915
9596002
51.994
9597038
51.957
9598073
51.653
9599109
51.522
9600145
51.743
9601180
5